dt,type,price,size,order_value,portfolio_value,commission,pnl
2004-05-21,buy,1.62,61666,99898.92000000001,100000.0,0.0,0.0
2004-05-25,buy,1.62,62,100.44000000000001,99999.99999999999,0.0,0.0
2004-10-08,sell,2.11,-61728,99999.36000000002,130246.71999999997,0.0,30246.719999999972
2004-10-12,buy,2.19,59413,130114.47,116581.72999999997,0.0,0.0
2004-10-13,buy,1.96,67,131.32,123719.32999999997,0.0,0.0
2004-11-17,sell,2.3,-59480,130245.79000000001,136804.92999999996,0.0,6558.209999999979
2004-11-22,buy,2.67,51186,136666.62,138852.36999999997,0.0,0.0
2004-11-23,buy,2.71,50,135.5,143975.96999999997,0.0,0.0
2004-11-25,sell,2.95,-51236,136802.12,151149.00999999998,0.0,14344.080000000013
2004-11-26,buy,2.95,51185,150995.75,163433.40999999997,0.0,0.0
2004-11-30,sell,3.19,-51185,150995.75,163433.40999999997,0.0,12284.399999999989
2004-12-02,buy,3.57,45733,163266.81,148341.52,0.0,0.0
2004-12-06,buy,3.24,51,165.24,143763.12,0.0,0.0
2005-01-05,sell,2.95,-45784,163432.05,135064.16,0.0,-28369.24999999997
2005-01-06,buy,2.95,45738,134927.1,135064.16,0.0,0.0
2005-01-07,buy,2.95,46,135.70000000000002,137353.36,0.0,0.0
2005-01-20,sell,3.1,-45784,135062.80000000002,141931.76,0.0,6867.599999999996
2005-01-21,buy,3.0,47263,141789.0,144294.91,0.0,0.0
2005-01-24,buy,3.05,46,140.29999999999998,146660.36000000002,0.0,0.0
2005-02-17,sell,3.33,-47309,141929.3,157541.43000000002,0.0,15609.67000000002
2005-02-18,buy,3.24,48575,157383.0,157541.43000000002,0.0,0.0
2005-02-21,buy,3.24,48,155.52,152679.13000000003,0.0,0.0
2005-03-08,sell,3.48,-48623,157538.52,169210.95000000004,0.0,11669.52000000001
2005-03-15,buy,3.8599999999999994,43793,169040.97999999998,164831.65000000005,0.0,0.0
2005-03-16,buy,3.76,45,169.2,167023.55000000005,0.0,0.0
2005-06-03,sell,3.2899999999999996,-43838,169210.18,144227.79000000004,0.0,-24983.159999999993
2005-06-06,buy,3.29,43794,144082.26,148169.25000000003,0.0,0.0
2005-06-09,buy,3.38,43,145.34,137648.37000000002,0.0,0.0
2005-06-14,sell,3.29,-43837,144227.6,144223.92000000004,0.0,-3.869999999997106
2005-06-17,buy,3.8099999999999996,37816,144078.96,149518.16000000006,0.0,0.0
2005-06-21,buy,3.8999999999999995,37,144.29999999999998,135135.87000000005,0.0,0.0
2005-07-11,sell,3.14,-37853,144223.25999999998,118859.08000000005,0.0,-25364.839999999982
2005-07-12,buy,3.0,39580,118740.0,118859.08000000005,0.0,0.0
2005-07-13,buy,3.0,39,117.0,120840.03000000004,0.0,0.0
2005-09-26,sell,3.62,-39619,118857.0,143422.86000000004,0.0,24563.780000000002
2005-09-27,buy,3.5199999999999996,40704,143278.08,139759.50000000006,0.0,0.0
2005-09-28,buy,3.43,42,144.06,139759.50000000006,0.0,0.0
2006-01-13,sell,3.86,-40746,143422.13999999998,157280.28000000006,0.0,13857.420000000018
2006-01-19,buy,3.95,39778,157123.1,157280.28000000006,0.0,0.0
2006-01-23,sell,4.24,-39778,157123.1,168815.90000000005,0.0,11535.62
2006-01-25,buy,4.24,39775,168646.0,176373.15000000005,0.0,0.0
2006-01-27,buy,4.24,40,169.60000000000002,163241.80000000005,0.0,0.0
2006-02-16,sell,4.95,-39815,168815.6,197084.55000000005,0.0,28268.649999999998
2006-02-17,buy,4.76,41362,196883.12,191293.87000000005,0.0,0.0
2006-02-20,buy,4.62,43,198.66,191293.87000000005,0.0,0.0
2006-03-07,sell,4.95,-41405,197081.78,204957.52000000008,0.0,7872.970000000018
2006-03-08,buy,4.95,41364,204751.80000000002,204957.52000000008,0.0,0.0
2006-03-09,buy,4.95,41,202.95000000000002,204957.52000000005,0.0,0.0
2006-03-22,sell,5.24,-41405,204954.75000000006,216964.97000000006,0.0,12007.449999999964
2006-03-28,buy,5.71,37959,216745.88999999998,209752.76000000007,0.0,0.0
2006-03-29,buy,5.52,39,215.27999999999997,209752.76000000007,0.0,0.0
2006-04-06,sell,5.81,-37998,216961.17,220772.18000000008,0.0,3807.2099999999855
2006-04-10,buy,5.71,38625,220548.75,213433.43000000005,0.0,0.0
2006-04-11,buy,5.52,40,220.79999999999998,213433.43000000008,0.0,0.0
2006-04-18,sell,5.71,-38665,220769.55,220779.7800000001,0.0,7.5999999999968
2006-04-19,buy,5.62,39245,220556.9,235692.8800000001,0.0,0.0
2006-04-20,sell,6.0,-39245,220556.9,235692.8800000001,0.0,14913.099999999997
2006-04-24,buy,6.0,39242,235452.0,235692.8800000001,0.0,0.0
2006-04-26,buy,5.81,41,238.20999999999998,235700.6700000001,0.0,0.0
2006-04-27,sell,6.0,-39283,235690.21,235700.6700000001,0.0,7.790000000021848
2006-05-09,buy,7.24,32522,235459.28,238627.6500000001,0.0,0.0
2006-05-18,buy,7.24,33,238.92000000000002,217144.3200000001,0.0,0.0
2006-07-03,sell,5.71,-32555,235698.2,185891.52000000008,0.0,-49809.15000000001
2006-07-07,buy,5.71,32522,185700.62,189143.72000000006,0.0,0.0
2006-07-11,buy,5.71,33,188.43,195332.4700000001,0.0,0.0
2006-07-12,sell,6.0,-32555,185889.05,195332.4700000001,0.0,9440.95
2006-07-17,buy,5.9,33074,195136.6,192355.81000000006,0.0,0.0
2006-07-18,buy,5.81,33,191.73,189045.11000000007,0.0,0.0
2006-07-28,sell,6.1,-33107,195328.33000000002,201956.84000000008,0.0,6624.369999999986
2006-08-01,buy,6.0,33625,201750.0,198594.34000000008,0.0,0.0
2006-08-02,buy,5.9,35,206.5,192198.9400000001,0.0,0.0
2006-09-20,sell,5.9,-33660,201956.5,198594.3400000001,0.0,-3362.4999999999814
2006-09-22,buy,6.0,33065,198390.0,201900.8400000001,0.0,0.0
2006-09-26,buy,5.9,34,200.60000000000002,192308.93000000008,0.0,0.0
2006-10-05,sell,6.48,-33099,198590.6,214485.2600000001,0.0,15890.919999999996
2006-10-17,buy,6.86,31234,214265.24000000002,208550.80000000008,0.0,0.0
2006-10-18,buy,6.67,32,213.44,217305.2800000001,0.0,0.0
2006-10-19,sell,6.95,-31266,214478.68000000002,217305.28000000006,0.0,2820.01999999997
2006-10-25,buy,7.43,29217,217082.31,225486.04000000007,0.0,0.0
2006-10-26,sell,7.71,-29217,217082.31,225486.04000000007,0.0,8180.7600000000075
2006-10-27,buy,7.52,29954,225254.08,225486.04000000007,0.0,0.0
2006-11-02,buy,7.62,30,228.6,228481.4400000001,0.0,0.0
2006-11-16,sell,7.709999999999999,-29984,225482.68,231180.0000000001,0.0,5693.960000000011
2006-12-07,buy,8.86,26066,230944.75999999998,231180.0000000001,0.0,0.0
2006-12-11,buy,8.76,26,227.76,228573.40000000008,0.0,0.0
2006-12-18,sell,9.05,-26092,231172.52,236140.0800000001,0.0,4960.080000000019
2006-12-20,buy,9.24,25530,235897.2,243288.48000000007,0.0,0.0
2006-12-21,sell,9.52,-25530,235897.2,243288.4800000001,0.0,7148.399999999983
2006-12-29,buy,9.76,24902,243043.52,261217.92000000013,0.0,0.0
2007-01-02,sell,10.48,-24902,243043.52,261217.92000000013,0.0,17929.440000000017
2007-01-03,buy,10.0,26095,260950.0,267480.7200000001,0.0,0.0
2007-01-04,sell,10.24,-26095,260950.0,267480.7200000001,0.0,6262.800000000006
2007-01-09,buy,10.0,26721,267210.0,273893.76000000007,0.0,0.0
2007-01-12,sell,10.949999999999998,-26721,267210.0,292865.67000000004,0.0,25384.949999999983
2007-01-16,buy,10.71,27317,292565.07,305977.83,0.0,0.0
2007-01-17,sell,11.19,-27317,292565.07,305977.83,0.0,13112.159999999963
2007-01-18,buy,10.95,27915,305669.25,312677.43,0.0,0.0
2007-01-22,sell,11.67,-27915,305669.25,326076.63000000006,0.0,20098.800000000017
2007-01-29,buy,11.67,27913,325744.71,326076.63000000006,0.0,0.0
2007-02-05,buy,11.43,29,331.46999999999997,312671.43000000005,0.0,0.0
2007-02-14,sell,11.43,-27942,326076.18,319377.51000000007,0.0,-6699.119999999986
2007-03-01,buy,11.67,27340,319057.8,332227.3100000002,0.0,0.0
2007-03-06,buy,11.67,27,315.09,312809.43000000005,0.0,0.0
2007-03-08,sell,11.9,-27367,319372.89,325671.9200000001,0.0,6294.410000000012
2007-03-15,buy,11.9,27340,325346.0,325671.9200000001,0.0,0.0
2007-03-26,buy,12.139999999999999,26,315.64,332233.5200000001,0.0,0.0
2007-05-11,sell,11.669999999999998,-27366,325661.64,319371.5000000001,0.0,-6300.420000000007
2007-05-17,buy,11.43,27913,319045.58999999997,326070.62000000017,0.0,0.0
2007-05-21,buy,11.429999999999998,28,320.03999999999996,312665.66000000015,0.0,0.0
2007-05-28,sell,11.9,-27941,319365.62999999995,332503.7700000002,0.0,13132.270000000068
2007-05-29,buy,11.67,28463,332163.21,339050.2600000002,0.0,0.0
2007-05-31,buy,11.19,30,335.7,325679.85000000015,0.0,0.0
2007-06-20,sell,11.43,-28493,332498.91000000003,325679.85000000015,0.0,-6823.920000000052
2007-06-21,buy,11.19,29075,325349.25,339635.85000000015,0.0,0.0
2007-06-22,sell,11.67,-29075,325349.25,339635.85000000015,0.0,13956.000000000013
2007-06-26,buy,11.67,29074,339293.58,346322.87000000017,0.0,0.0
2007-06-27,sell,11.9,-29074,339293.58,346322.87000000017,0.0,6687.020000000012
2007-06-28,buy,11.43,30269,345974.67,360549.3000000002,0.0,0.0
2007-06-29,sell,11.9,-30269,345974.67,360549.30000000016,0.0,14226.430000000018
2007-07-04,buy,11.9,30267,360177.3,367813.3800000002,0.0,0.0
2007-07-06,buy,11.9,31,368.90000000000003,360549.30000000016,0.0,0.0
2007-07-13,sell,12.14,-30298,360546.2,367820.8200000002,0.0,7271.520000000007
2007-07-17,buy,11.9,30878,367448.2,367820.8200000002,0.0,0.0
2007-07-20,buy,11.43,32,365.76,353308.16000000015,0.0,0.0
2007-08-10,sell,9.33,-30910,367813.96,288397.16000000015,0.0,-79423.66000000005
2007-08-16,buy,9.05,31835,288106.75,291262.3100000002,0.0,0.0
2007-08-21,buy,8.48,34,288.32,288416.54000000015,0.0,0.0
2007-08-22,sell,9.05,-31869,288395.07,288416.54000000015,0.0,19.38000000002875
2007-08-23,buy,8.86,32520,288127.19999999995,297522.14000000025,0.0,0.0
2007-08-24,sell,9.14,-32520,288127.19999999995,297522.1400000002,0.0,9105.600000000037
2007-09-05,buy,9.24,32167,297223.08,297522.1400000002,0.0,0.0
2007-10-01,sell,10.24,-32167,297223.08,329689.1400000002,0.0,32167.0
2007-10-05,buy,10.48,31427,329354.96,344459.83000000013,0.0,0.0
2007-10-08,sell,10.95,-31427,329354.96,344459.83000000013,0.0,14770.689999999964
2007-10-11,buy,10.95,31426,344114.69999999995,344459.83000000013,0.0,0.0
2007-10-17,buy,10.71,32,342.72,329682.25000000023,0.0,0.0
2007-12-04,sell,9.76,-31458,344457.4199999999,307032.4900000002,0.0,-37427.33999999993
2007-12-14,buy,9.76,31426,306717.76,299490.2500000002,0.0,0.0
2007-12-17,buy,9.52,33,314.15999999999997,293513.04000000027,0.0,0.0
2007-12-26,sell,10.0,-31459,307031.92,314590.57000000024,0.0,7558.080000000024
2007-12-28,buy,10.0,31427,314270.0,344446.2200000002,0.0,0.0
2008-01-02,sell,10.95,-31427,314270.0,344446.2200000002,0.0,29855.649999999976
2008-01-03,buy,10.0,34410,344100.0,344446.2200000002,0.0,0.0
2008-01-11,buy,9.76,35,341.59999999999997,327921.0200000002,0.0,0.0
2008-01-17,sell,10.24,-34445,344441.6,352721.4200000002,0.0,8275.200000000008
2008-01-18,buy,9.52,37013,352363.76,370487.6600000002,0.0,0.0
2008-01-21,sell,10.0,-37013,352363.76,370487.6600000002,0.0,17766.240000000016
2008-01-22,buy,10.0,37011,370110.0,342359.3000000002,0.0,0.0
2008-01-23,buy,9.24,40,369.6,370518.06000000023,0.0,0.0
2008-01-24,sell,10.0,-37051,370479.6,370518.06000000023,0.0,30.40000000002584
2008-01-25,buy,9.52,38881,370147.12,370518.06000000023,0.0,0.0
2008-03-03,buy,9.24,40,369.6,359631.3800000003,0.0,0.0
2008-03-24,sell,8.95,-38921,370516.72,348344.2900000002,0.0,-22173.770000000008
2008-03-25,buy,8.86,39277,347994.22,340881.66000000027,0.0,0.0
2008-03-26,buy,8.67,40,346.8,351890.4200000002,0.0,0.0
2008-03-27,sell,8.95,-39317,348341.01999999996,351890.4200000002,0.0,3546.1299999999874
2008-04-21,buy,8.86,39677,351538.22,351890.4200000002,0.0,0.0
2008-04-25,sell,9.14,-39677,351538.22,362999.9800000003,0.0,11109.560000000045
2008-04-28,buy,9.05,40070,362633.5,362999.9800000003,0.0,0.0
2008-05-06,buy,8.76,41,359.15999999999997,351379.6800000003,0.0,0.0
2008-05-09,sell,9.14,-40111,362992.66,366621.8600000003,0.0,3621.8800000000197
2008-05-23,buy,8.67,42244,366255.48,370423.8200000003,0.0,0.0
2008-06-04,buy,8.38,43,360.34000000000003,350565.27000000025,0.0,0.0
2008-08-26,sell,7.05,-42287,366615.82,298129.39000000025,0.0,-68492.47000000002
2008-08-27,buy,6.950000000000001,42853,297828.35000000003,302414.6900000002,0.0,0.0
2008-08-29,buy,6.95,43,298.85,289979.1500000002,0.0,0.0
2008-09-24,sell,6.67,-42896,298127.2,286118.51000000024,0.0,-12010.88000000001
2008-09-25,buy,6.38,44801,285830.38,286118.51000000024,0.0,0.0
2008-10-08,buy,6.48,44,285.12,264588.51000000024,0.0,0.0
2008-10-28,buy,2.86,1,2.86,128259.71000000021,0.0,0.0
2008-11-04,sell,2.67,-44846,286118.36,119738.97000000022,0.0,-166379.54
2008-11-05,buy,2.67,44801,119618.67,119738.97000000022,0.0,0.0
2008-11-06,buy,2.67,45,120.14999999999999,113012.07000000023,0.0,0.0
2009-01-08,sell,2.0,-44846,119738.81999999999,89692.15000000023,0.0,-30046.819999999996
2009-01-09,buy,1.92,46667,89600.64,89692.15000000023,0.0,0.0
2009-01-12,buy,1.92,47,90.24,90626.43000000023,0.0,0.0
2009-02-05,sell,2.48,-46714,89690.88,115851.99000000022,0.0,26159.839999999993
2009-02-09,buy,2.57,45033,115734.81,118103.64000000023,0.0,0.0
2009-02-10,buy,2.62,44,115.28,113595.94000000022,0.0,0.0
2009-03-24,sell,2.86,-45077,115850.09,128922.12000000023,0.0,13070.130000000003
2009-03-25,buy,2.86,45032,128791.51999999999,126670.52000000024,0.0,0.0
2009-03-26,buy,2.8099999999999996,46,129.26,128924.42000000023,0.0,0.0
2009-03-30,sell,3.0,-45078,128920.78,135235.34000000023,0.0,6313.2200000000075
2009-03-31,buy,2.9,46586,135099.4,131042.60000000024,0.0,0.0
2009-04-01,buy,2.81,48,134.88,128710.90000000023,0.0,0.0
2009-04-14,sell,2.9,-46634,135234.28,135239.66000000024,0.0,4.320000000003403
2009-04-15,buy,2.95,45798,135104.1,135239.66000000024,0.0,0.0
2009-04-16,buy,2.95,45,132.75,137531.81000000023,0.0,0.0
2009-05-06,sell,3.67,-45843,135236.85,168246.62000000023,0.0,33006.95999999999
2009-05-07,buy,3.71,45304,168077.84,168246.62000000023,0.0,0.0
2009-05-08,buy,3.71,45,166.95,168246.62000000023,0.0,0.0
2009-05-15,sell,4.0,-45349,168244.79,181397.83000000022,0.0,13151.210000000001
2009-05-19,buy,4.14,43772,181216.08,191903.11000000022,0.0,0.0
2009-05-20,sell,4.38,-43772,181216.08,191903.11000000022,0.0,10505.28000000001
2009-05-25,buy,5.14,37297,191706.58,188546.38000000024,0.0,0.0
2009-05-26,buy,5.05,38,191.9,177719.23000000024,0.0,0.0
2009-06-01,sell,5.05,-37335,191898.47999999998,188546.3800000002,0.0,-3356.7299999999977
2009-06-04,buy,4.86,38756,188354.16,188546.3800000002,0.0,0.0
2009-06-09,buy,4.86,39,189.54000000000002,184666.88000000018,0.0,0.0
2009-06-26,sell,4.29,-38795,188543.7,166433.23000000019,0.0,-22113.150000000012
2009-06-29,buy,4.24,39213,166263.12,162511.93000000017,0.0,0.0
2009-06-30,buy,4.14,41,169.73999999999998,160941.7700000002,0.0,0.0
2009-07-23,sell,4.48,-39254,166432.86,175858.29000000024,0.0,9425.060000000043
2009-07-29,buy,4.67,37619,175680.73,179244.00000000023,0.0,0.0
2009-08-03,sell,5.14,-37619,175680.73,193539.22000000023,0.0,17680.92999999999
2009-08-04,buy,5.05,38286,193344.3,196984.96000000022,0.0,0.0
2009-08-07,buy,4.95,39,193.05,186261.37000000026,0.0,0.0
2009-08-25,sell,5.33,-38325,193537.34999999998,204274.12000000026,0.0,10734.900000000032
2009-08-28,buy,5.9,34588,204069.2,204274.12000000026,0.0,0.0
2009-09-02,buy,5.81,35,203.35,197698.90000000023,0.0,0.0
2009-09-14,sell,5.81,-34623,204272.55000000002,201161.20000000022,0.0,-3112.920000000037
2009-09-15,buy,5.71,35194,200957.74,191306.8800000002,0.0,0.0
2009-09-16,buy,5.43,37,200.91,194477.67000000022,0.0,0.0
2009-09-30,sell,5.71,-35231,201158.65,201171.5600000002,0.0,10.3599999999981
2009-10-02,buy,6.19,32466,200964.54,198249.62000000017,0.0,0.0
2009-10-05,buy,6.1,33,201.29999999999998,198249.6200000002,0.0,0.0
2009-10-07,sell,6.29,-32499,201165.84,204424.4300000002,0.0,3252.8699999999944
2009-10-08,buy,6.19,32991,204214.29,207723.5300000002,0.0,0.0
2009-10-13,buy,6.19,33,204.27,204424.43000000023,0.0,0.0
2009-11-04,buy,5.81,1,5.81,191875.3100000002,0.0,0.0
2009-11-17,sell,6.19,-33025,204424.37,204424.8100000002,0.0,0.38000000001834344
2009-11-19,buy,6.1,33478,204215.8,207437.83000000022,0.0,0.0
2009-11-23,buy,6.1,34,207.39999999999998,207440.89000000022,0.0,0.0
2010-01-04,sell,6.29,-33512,204423.19999999998,210792.0900000002,0.0,6367.280000000013
2010-01-05,buy,6.0,35096,210576.0,207282.49000000022,0.0,0.0
2010-01-06,buy,5.9,36,212.4,210795.6900000002,0.0,0.0
2010-02-16,sell,5.9,-35132,210788.4,207282.4900000002,0.0,-3509.5999999999917
2010-02-18,buy,6.0,34512,207072.0,203831.2900000002,0.0,0.0
2010-02-19,buy,5.9,35,206.5,200722.06000000017,0.0,0.0
2010-02-23,sell,6.0,-34547,207278.50000000003,207285.9900000002,0.0,3.4999999999849276
2010-03-03,buy,6.76,30632,207072.32,207285.9900000002,0.0,0.0
2010-03-09,sell,7.05,-30632,207072.32,216169.2700000002,0.0,8883.28
2010-03-12,buy,7.52,28717,215951.84,219040.9700000002,0.0,0.0
2010-03-17,sell,7.9,-28717,215951.84,227081.7300000002,0.0,10912.460000000023
2010-03-26,buy,9.52,23829,226852.08,227081.7300000002,0.0,0.0
2010-03-30,sell,10.24,-23829,226852.08,244238.61000000022,0.0,17156.880000000016
2010-04-05,buy,9.76,24999,243990.24,228739.23000000024,0.0,0.0
2010-04-06,buy,9.14,27,246.78000000000003,235996.77000000022,0.0,0.0
2010-04-13,sell,9.43,-25026,244237.01999999996,235996.77000000022,0.0,-8241.839999999978
2010-04-14,buy,9.24,25515,235758.6,238293.12000000023,0.0,0.0
2010-04-20,buy,9.14,26,237.64000000000001,226293.79000000018,0.0,0.0
2010-04-23,sell,9.52,-25541,235996.24000000002,243150.85000000018,0.0,7154.079999999972
2010-04-26,buy,9.52,25515,242902.8,243150.85000000018,0.0,0.0
2010-05-04,buy,9.43,26,245.18,240854.5000000002,0.0,0.0
2010-05-12,sell,9.52,-25541,243147.98,243153.1900000002,0.0,2.3399999999894785
2010-05-19,buy,11.9,20412,242902.80000000002,233559.5500000002,0.0,0.0
2010-05-20,buy,11.43,21,240.03,243163.0600000002,0.0,0.0
2010-05-21,sell,11.9,-20433,243142.83000000002,243163.0600000002,0.0,9.869999999996283
2010-05-24,buy,11.43,21252,242910.36,243163.0600000002,0.0,0.0
2010-05-26,buy,10.95,23,251.85,238068.1000000002,0.0,0.0
2010-05-31,sell,12.14,-21275,243162.21,258279.35000000024,0.0,15116.290000000025
2010-06-08,buy,14.05,18364,258014.2,262686.7100000002,0.0,0.0
2010-06-09,sell,14.29,-18364,258014.2,262686.7100000002,0.0,4407.3599999999715
2010-06-23,buy,15.48,16952,262416.96,262686.7100000002,0.0,0.0
2010-06-25,sell,15.949999999999998,-16952,262416.96,270654.1500000002,0.0,7967.4399999999805
2010-06-28,buy,15.48,17466,270373.68,270654.1500000002,0.0,0.0
2010-07-06,buy,15.24,18,274.32,266462.31000000023,0.0,0.0
2010-07-09,sell,15.48,-17484,270648.0,270658.4700000002,0.0,4.31999999999541
2010-07-12,buy,15.24,17742,270388.08,270658.4700000002,0.0,0.0
2010-07-15,buy,15.0,18,270.0,291797.1900000002,0.0,0.0
2010-07-16,sell,16.43,-17760,270658.08,291797.1900000002,0.0,21138.719999999965
2010-07-19,buy,15.950000000000001,18276,291502.2,291797.1900000002,0.0,0.0
2010-07-26,sell,16.43,-18276,291502.2,300569.67000000016,0.0,8772.480000000009
2010-08-02,buy,15.92,18861,300267.12,303964.6500000002,0.0,0.0
2010-08-04,sell,16.67,-18861,300267.12,314715.4200000002,0.0,14145.750000000033
2010-08-13,buy,17.05,18439,314384.95,314715.4200000002,0.0,0.0
2010-08-31,buy,16.93,19,321.67,319885.9400000002,0.0,0.0
2010-09-03,sell,18.08,-18458,314706.62,333729.44000000024,0.0,19014.02
2010-09-17,buy,20.0,16669,333380.0,362233.4300000002,0.0,0.0
2010-09-20,sell,21.71,-16669,333380.0,362233.4300000002,0.0,28503.990000000013
2010-10-08,buy,24.05,15046,361856.3,362985.7300000003,0.0,0.0
2010-10-14,buy,23.48,16,375.68,349289.2300000003,0.0,0.0
2010-10-26,sell,23.81,-15062,362231.98,358627.6700000002,0.0,-3605.7599999999934
2010-10-27,buy,23.1,15509,358257.9,355525.87000000017,0.0,0.0
2010-10-29,sell,24.38,-15509,358257.9,378479.1900000002,0.0,19851.519999999964
2010-11-11,buy,24.29,15566,378098.14,374743.35000000015,0.0,0.0
2010-11-17,sell,24.76,-15566,378098.14,385795.2100000002,0.0,7316.020000000038
2010-11-18,buy,24.19,15932,385395.08,387388.41000000015,0.0,0.0
2010-11-22,sell,25.29,-15932,385395.08,403320.41000000015,0.0,17525.199999999964
2010-11-24,buy,24.57,16398,402898.86,388562.2100000002,0.0,0.0
2010-11-25,buy,23.67,17,402.39000000000004,372147.2100000002,0.0,0.0
2010-12-02,sell,21.52,-16415,403301.25,353269.9600000002,0.0,-50050.44999999998
2010-12-13,buy,22.67,15567,352903.89,331009.15000000014,0.0,0.0
2010-12-14,buy,21.24,17,361.08,326489.79000000015,0.0,0.0
2011-01-26,sell,19.05,-15584,353264.97000000003,296880.1900000002,0.0,-56389.77000000003
2011-01-27,buy,18.1,16385,296568.5,312445.9400000002,0.0,0.0
2011-01-28,sell,19.05,-16385,296568.5,312445.9400000002,0.0,15565.749999999989
2011-01-31,buy,18.1,17244,312116.4,312445.9400000002,0.0,0.0
2011-02-02,buy,17.62,18,317.16,314008.1600000002,0.0,0.0
2011-02-03,sell,18.19,-17262,312433.56,314008.1600000002,0.0,1562.2200000000046
2011-03-03,buy,18.29,17151,313691.79,315551.75000000023,0.0,0.0
2011-03-11,buy,18.27,17,310.59,311261.62000000017,0.0,0.0
2011-03-21,sell,19.48,-17168,314002.38,334438.4200000002,0.0,20430.260000000024
2011-03-25,buy,20.67,16163,334089.21,348985.1200000002,0.0,0.0
2011-03-28,sell,21.57,-16163,334089.21,348985.12000000017,0.0,14546.699999999977
2011-04-19,buy,23.24,15001,348623.24,350335.21000000014,0.0,0.0
2011-05-02,sell,24.1,-15001,348623.24,361885.9800000002,0.0,12900.860000000044
2011-05-18,buy,24.76,14601,361520.76,356337.6000000002,0.0,0.0
2011-05-19,buy,24.38,14,341.32,359845.2000000002,0.0,0.0
2011-06-01,sell,25.48,-14615,361862.08,372414.1000000002,0.0,10528.120000000003
2011-06-06,buy,24.76,15025,372019.0,372414.1000000002,0.0,0.0
2011-06-14,buy,24.95,15,374.25,366696.0500000002,0.0,0.0
2011-08-11,sell,23.24,-15040,372393.25,349550.4500000002,0.0,-22863.650000000027
2011-08-31,buy,22.48,15533,349181.84,355452.99000000017,0.0,0.0
2011-09-05,buy,22.38,16,358.08,347997.15000000014,0.0,0.0
2011-09-08,sell,22.86,-15549,349539.92000000004,355460.6700000001,0.0,5910.219999999937
2011-09-14,buy,22.38,15867,355103.45999999996,355460.6700000001,0.0,0.0
2011-09-23,buy,20.86,17,354.62,313076.23000000016,0.0,0.0
2011-10-03,sell,20.38,-15884,355458.07999999996,323718.5100000001,0.0,-31742.159999999978
2011-10-04,buy,20.0,16169,323380.0,300596.84000000014,0.0,0.0
2011-10-05,buy,18.57,18,334.26,315974.4900000001,0.0,0.0
2011-10-06,sell,19.52,-16187,323714.26,315974.4900000001,0.0,-7744.020000000039
2011-10-28,buy,23.81,13257,315649.17,324193.83000000013,0.0,0.0
2011-11-02,sell,24.43,-13257,315649.17,324193.83000000013,0.0,8219.340000000013
2011-11-03,buy,23.71,13659,323854.89,324193.83000000013,0.0,0.0
2011-11-16,buy,23.81,14,333.34,328841.2500000001,0.0,0.0
2012-01-03,sell,23.95,-13673,324188.23000000004,327473.95000000007,0.0,3280.119999999934
2012-01-04,buy,23.329999999999995,14022,327133.25999999995,327473.95000000007,0.0,0.0
2012-01-19,sell,26.670000000000005,-14022,327133.25999999995,374307.4300000001,0.0,46833.48000000005
2012-01-27,buy,25.71,14544,373926.24,375034.6300000001,0.0,0.0
2012-02-06,buy,24.05,15,360.75,350164.39000000013,0.0,0.0
2012-02-09,sell,25.24,-14559,374286.99,367489.6000000001,0.0,-6817.830000000033
2012-02-10,buy,25.05,14655,367107.75,366024.1000000001,0.0,0.0
2012-02-15,buy,24.52,15,367.8,359722.45000000007,0.0,0.0
2012-02-23,sell,24.57,-14670,367475.55,360455.9500000001,0.0,-7033.64999999996
2012-02-24,buy,24.05,14972,360076.60000000003,355365.4700000001,0.0,0.0
2012-03-01,sell,24.67,-14972,360076.60000000003,369738.59000000014,0.0,9282.640000000016
2012-03-02,buy,24.19,15269,369357.11000000004,369738.59000000014,0.0,0.0
2012-03-06,buy,23.81,16,380.96,361032.2200000001,0.0,0.0
2012-03-15,sell,25.29,-15285,369738.07000000007,386558.17000000004,0.0,16819.579999999914
2012-04-02,buy,29.05,13293,386161.65,378316.51,0.0,0.0
2012-04-03,buy,28.43,13,369.59,385235.63,0.0,0.0
2012-04-13,sell,29.76,-13306,386531.24000000005,396013.49000000005,0.0,9455.319999999978
2012-04-30,buy,31.43,12587,395609.41,399537.8500000001,0.0,0.0
2012-05-04,sell,33.81,-12587,395609.41,425970.5500000001,0.0,29957.06000000003
2012-05-08,buy,32.38,13142,425537.96,438455.45000000007,0.0,0.0
2012-05-09,sell,33.33,-13142,425537.96,438455.45000000007,0.0,12484.899999999943
2012-05-11,buy,32.86,13329,437990.94,432057.5300000001,0.0,0.0
2012-05-15,buy,31.0,14,434.0,406725.1500000001,0.0,0.0
2012-05-17,buy,29.95,1,29.95,423138.80000000005,0.0,0.0
2012-05-18,sell,31.71,-13344,438454.8900000001,423138.8000000001,0.0,-15316.650000000049
2012-05-21,buy,30.48,13868,422696.64,423138.8000000001,0.0,0.0
2012-05-29,sell,30.669999999999998,-13868,422696.64,425773.72000000015,0.0,2634.920000000018
2012-05-31,buy,30.95,13743,425345.85,432370.36000000016,0.0,0.0
2012-06-05,buy,29.71,14,415.94,419325.29000000015,0.0,0.0
2012-06-13,sell,31.81,-13757,425761.79,437622.10000000015,0.0,11848.380000000008
2012-06-15,buy,31.14,14039,437174.46,441693.41000000015,0.0,0.0
2012-06-26,sell,32.9,-14039,437174.46,462330.7400000001,0.0,24708.63999999997
2012-07-06,buy,32.86,14055,461847.3,464298.4400000001,0.0,0.0
2012-07-10,buy,31.95,15,479.25,448837.1900000001,0.0,0.0
2012-10-01,sell,30.95,-14070,462326.55,435470.6900000001,0.0,-26860.049999999996
2012-10-02,buy,30.429999999999996,14296,435027.27999999997,449051.89000000013,0.0,0.0
2012-10-03,sell,31.38,-14296,435027.27999999997,449051.89000000013,0.0,13581.19999999999
2012-10-09,buy,32.19,13936,448599.83999999997,441108.37000000017,0.0,0.0
2012-10-10,buy,31.62,14,442.68,438457.87000000017,0.0,0.0
2012-10-12,sell,32.38,-13950,449042.5199999999,451710.37000000017,0.0,2658.480000000112
2012-10-22,buy,31.33,14403,451245.99,451710.37000000017,0.0,0.0
2012-11-08,sell,33.05,-14403,451245.99,476483.53000000014,0.0,24773.159999999985
2012-11-12,buy,32.38,14700,475986.00000000006,476483.53000000014,0.0,0.0
2012-11-20,sell,33.57,-14700,475986.00000000006,493976.5300000001,0.0,17492.999999999967
2012-11-28,buy,34.57,14274,493452.18,503540.1100000001,0.0,0.0
2012-12-03,buy,34.18999999999999,15,512.8499999999999,488552.4100000001,0.0,0.0
2012-12-13,sell,37.05,-14289,493965.0299999999,529418.9500000001,0.0,35442.42000000002
2012-12-18,buy,36.24,14594,528886.56,528689.25,0.0,0.0
2012-12-26,sell,37.33,-14594,528886.56,545326.41,0.0,15907.459999999946
2012-12-27,buy,36.67,14856,544769.52,545326.41,0.0,0.0
2013-01-02,sell,37.62,-14856,544769.52,559439.61,0.0,14113.199999999937
2013-01-15,buy,37.14,15047,558845.58,559439.61,0.0,0.0
2013-01-17,buy,36.1,16,577.6,537916.16,0.0,0.0
2013-01-22,sell,37.9,-15063,559423.1799999999,570904.13,0.0,11464.520000000068
2013-02-13,buy,37.190000000000005,15335,570308.65,574584.53,0.0,0.0
2013-03-13,buy,37.71,15,565.65,584864.83,0.0,0.0
2013-03-15,sell,39.95,-15350,570874.3,613262.3300000001,0.0,42358.20000000005
2013-03-18,buy,39.05,15688,612616.3999999999,598986.2500000002,0.0,0.0
2013-03-19,buy,38.14,16,610.24,598358.0900000002,0.0,0.0
2013-03-25,sell,39.0,-15704,613226.6399999999,612491.6900000002,0.0,-770.6399999998844
2013-04-24,buy,45.57,13427,611868.39,601615.8200000002,0.0,0.0
2013-05-08,buy,45.43,13,590.59,607386.3100000002,0.0,0.0
2013-06-19,sell,39.0,-13440,612458.98,524192.71000000014,0.0,-88298.98000000001
2013-06-24,buy,37.14,14099,523636.86,510798.6600000001,0.0,0.0
2013-06-25,buy,36.18999999999999,15,542.8499999999999,497390.3600000002,0.0,0.0
2013-07-11,sell,39.33,-14114,524179.70999999996,555116.6200000001,0.0,30923.910000000014
2013-07-12,buy,38.76,14307,554539.32,559265.6500000001,0.0,0.0
2013-07-18,buy,37.71,15,565.65,551695.0900000002,0.0,0.0
2013-07-25,sell,40.48,-14322,555104.97,579766.2100000001,0.0,24649.58999999997
2013-08-01,buy,40.0,14479,579160.0,578318.31,0.0,0.0
2013-08-16,buy,38.1,15,571.5,538341.8700000001,0.0,0.0
2013-08-29,sell,36.67,-14494,579731.5,531529.6900000001,0.0,-48236.52
2013-08-30,buy,35.43,14987,530989.41,522987.10000000003,0.0,0.0
2013-09-05,buy,33.76,15,506.4,502900.92000000004,0.0,0.0
2013-10-02,sell,37.86,-15002,531495.81,568009.6,0.0,36479.909999999916
2013-11-19,buy,41.89999999999999,13542,567409.7999999999,577759.84,0.0,0.0
2013-11-21,buy,41.9,14,586.6,574516.4800000001,0.0,0.0
2013-12-10,sell,37.52,-13556,567996.3999999999,508634.3200000001,0.0,-59375.27999999984
2013-12-11,buy,36.67,13856,508099.52,515146.64000000013,0.0,0.0
2013-12-13,buy,35.43,15,531.45,506017.43000000005,0.0,0.0
2013-12-16,sell,36.48,-13871,508630.97000000003,506017.43000000005,0.0,-2616.8900000000895
2013-12-17,buy,35.95,14061,505492.95,516141.35000000003,0.0,0.0
2014-01-08,buy,36.38,14,509.32000000000005,525434.91,0.0,0.0
2014-01-09,sell,37.33,-14075,506002.26999999996,525434.91,0.0,19417.480000000003
2014-01-28,buy,38.14,13762,524882.68,511672.9099999999,0.0,0.0
2014-01-29,buy,37.14,14,519.96,520214.0299999999,0.0,0.0
2014-02-11,sell,38.05,-13776,525402.64,524209.0699999999,0.0,-1225.8400000000597
2014-03-10,buy,46.67,11221,523684.07,523648.01999999984,0.0,0.0
2014-03-17,sell,47.620000000000005,-11221,523684.07,534869.0199999998,0.0,10659.949999999952
2014-03-21,buy,47.24,11311,534331.64,506817.73999999976,0.0,0.0
2014-03-24,buy,44.76,11,492.35999999999996,523008.1999999998,0.0,0.0
2014-04-08,sell,49.13999999999999,-11322,534824.0,556408.0999999997,0.0,21539.080000000005
2014-04-29,buy,46.67000000000001,11910,555839.7000000001,566055.1999999996,0.0,0.0
2014-05-08,buy,47.14000000000001,12,565.6800000000001,560336.7199999996,0.0,0.0
2014-05-14,sell,49.24,-11922,556405.3800000001,587041.9999999997,0.0,30633.899999999918
2014-05-19,buy,47.62,12315,586440.2999999999,607608.0499999997,0.0,0.0
2014-05-20,sell,49.29,-12315,586440.2999999999,607608.0499999997,0.0,20566.05000000002
2014-05-26,buy,47.620000000000005,12746,606964.52,607608.0499999997,0.0,0.0
2014-05-29,buy,46.71,13,607.23,566280.7199999997,0.0,0.0
2014-06-02,sell,46.95,-12759,607571.75,599071.3499999997,0.0,-8536.699999999946
2014-06-03,buy,46.19,12956,598437.64,617598.4299999997,0.0,0.0
2014-06-04,sell,47.62,-12956,598437.64,617598.4299999997,0.0,18527.079999999998
2014-06-17,buy,47.62,12956,616964.72,614488.9899999998,0.0,0.0
2014-06-26,buy,47.71,13,620.23,632381.9199999997,0.0,0.0
2014-08-26,sell,50.95,-12969,617584.95,660784.0299999998,0.0,43185.60000000009
2014-08-29,buy,50.290000000000006,13126,660106.54,643851.4899999998,0.0,0.0
2014-09-01,buy,49.0,13,637.0,651997.6699999997,0.0,0.0
2014-09-08,sell,53.62,-13139,660743.54,704553.6699999997,0.0,43769.639999999956
2014-10-01,buy,55.14,12764,703806.96,714254.3099999997,0.0,0.0
2014-10-03,buy,54.67,13,710.71,687566.3699999998,0.0,0.0
2014-10-31,sell,60.76,-12777,704517.6699999999,776366.5199999998,0.0,71812.85000000006
2015-01-13,buy,64.29,12063,775530.27,782036.1299999998,0.0,0.0
2015-01-19,sell,66.67,-12063,775530.27,805076.4599999997,0.0,28709.939999999944
2015-01-23,buy,59.14,13599,804244.86,826426.8899999998,0.0,0.0
2015-01-26,sell,60.71,-13599,804244.86,826426.8899999998,0.0,21350.430000000004
2015-02-27,buy,62.81,13144,825574.64,839570.8899999998,0.0,0.0
2015-03-06,buy,62.89999999999999,13,817.6999999999999,840766.8499999997,0.0,0.0
2015-03-20,sell,66.24,-13157,826392.34,871554.2299999997,0.0,45127.340000000004
2015-04-16,buy,67.62,12876,870675.1200000001,876447.1099999996,0.0,0.0
2015-05-08,buy,68.86,12,826.3199999999999,868446.2299999996,0.0,0.0
2015-06-15,sell,64.76,-12888,871501.4400000002,834679.6699999998,0.0,-36874.56000000007
2015-06-16,buy,62.95,13246,833835.7000000001,844746.6299999998,0.0,0.0
2015-06-18,sell,66.38,-13246,833835.7000000001,880113.4499999997,0.0,45433.779999999904
2015-06-24,buy,65.9,13341,879171.9,884649.3899999997,0.0,0.0
2015-07-07,buy,66.62,14,932.6800000000001,903073.9699999997,0.0,0.0
2015-07-22,sell,70.48,-13355,880104.5800000001,941269.2699999998,0.0,61155.820000000014
2015-08-14,buy,66.67,14104,940313.68,931819.5899999997,0.0,0.0
2015-08-25,buy,61.86,15,927.9,880064.9599999997,0.0,0.0
2015-08-27,sell,64.62,-14119,941241.5800000001,912397.4699999997,0.0,-28871.800000000014
2015-09-08,buy,64.1,14219,911437.8999999999,915099.08,0.0,0.0
2015-09-15,sell,67.62,-14219,911437.8999999999,962448.3499999999,0.0,50050.88000000014
2015-10-14,buy,66.57,14443,961470.5099999999,950027.3699999999,0.0,0.0
2015-10-27,sell,71.43,-14443,961470.5099999999,1032641.3300000001,0.0,70192.9800000002
2015-10-28,buy,68.57,15044,1031567.0799999998,1054154.2500000002,0.0,0.0
2015-10-29,sell,70.0,-15044,1031567.0799999998,1054154.2500000002,0.0,21512.920000000104
2015-11-02,buy,68.0,15486,1053048.0,1092559.5300000003,0.0,0.0
2015-11-03,sell,70.48,-15486,1053048.0,1092559.5300000003,0.0,38405.280000000064
2015-11-11,buy,68.67,15894,1091440.98,1086519.8100000003,0.0,0.0
2015-11-16,buy,67.05,16,1072.8,1028945.4500000003,0.0,0.0
2015-11-23,sell,66.57,-15910,1092513.78,1059174.4500000002,0.0,-33385.08000000011
2015-12-01,buy,67.38,15703,1058068.14,1092778.87,0.0,0.0
2015-12-02,sell,69.51999999999998,-15703,1058068.14,1092778.87,0.0,33604.420000000006
2015-12-03,buy,68.1,16030,1091643.0,1089572.87,0.0,0.0
2015-12-09,buy,67.14,16,1074.24,1085092.1500000001,0.0,0.0
2015-12-18,sell,67.76,-16046,1092717.24,1087338.5900000003,0.0,-5440.2799999998
2016-01-05,buy,66.95,16224,1086196.8,1085067.2300000002,0.0,0.0
2016-01-08,buy,63.43,17,1078.31,1037863.3800000001,0.0,0.0
2016-01-12,buy,62.38,1,62.38,992387.3000000004,0.0,0.0
2016-01-14,sell,63.29,-16242,1087337.49,1027957.2800000004,0.0,-59381.309999999925
2016-01-15,buy,60.95,16848,1026885.6000000001,1024756.1600000003,0.0,0.0
2016-01-19,buy,59.29,18,1067.22,1007073.3200000003,0.0,0.0
2016-01-25,sell,57.14,-16866,1027952.8200000001,963727.7000000003,0.0,-64229.580000000075
2016-01-27,buy,57.95,16613,962723.3500000001,969376.1200000002,0.0,0.0
2016-01-29,sell,59.71,-16613,962723.3500000001,992966.5800000003,0.0,29238.87999999997
2016-02-04,buy,60.29,16453,991951.37,1019455.9100000003,0.0,0.0
2016-02-05,sell,61.9,-16453,991951.37,1019455.9100000003,0.0,26489.32999999999
2016-02-10,buy,62.05,16413,1018426.6499999999,1032750.4400000003,0.0,0.0
2016-02-15,sell,63.71,-16413,1018426.6499999999,1046701.4900000003,0.0,27245.58000000006
2016-02-26,buy,65.24,16027,1045601.4799999999,1046701.4900000003,0.0,0.0
2016-03-01,buy,63.709999999999994,17,1083.07,1046727.5000000005,0.0,0.0
2016-03-03,sell,67.76,-16044,1046684.5499999999,1087158.3800000006,0.0,40456.89000000017
2016-03-17,buy,70.48,15409,1086026.32,1116435.4800000004,0.0,0.0
2016-03-18,sell,72.38,-15409,1086026.32,1116435.4800000004,0.0,29277.099999999868
2016-04-29,buy,77.62,14368,1115244.1600000001,1116435.4800000004,0.0,0.0
2016-05-03,buy,75.9,15,1138.5,1082229.7400000002,0.0,0.0
2016-05-05,sell,77.61999999999999,-14383,1116382.6600000001,1116461.2800000003,0.0,25.799999999857036
2016-05-06,buy,75.24,14823,1115282.52,1108012.1700000002,0.0,0.0
2016-05-11,sell,78.66999999999999,-14823,1115282.52,1167304.1700000004,0.0,50842.8900000001
2016-05-27,buy,78.48,14859,1166134.32,1171464.6900000004,0.0,0.0
2016-06-10,buy,79.9,14,1118.6000000000001,1182752.2100000002,0.0,0.0
2016-08-09,sell,80.48,-14873,1167252.9200000002,1197030.2900000003,0.0,29726.1199999999
2016-08-25,buy,76.0,15734,1195784.0,1188848.6100000003,0.0,0.0
2016-08-30,buy,74.29,16,1188.64,1155005.1500000004,0.0,0.0
2016-09-16,sell,73.71,-15750,1196972.64,1160990.1500000004,0.0,-36040.13999999995
2016-09-26,buy,72.71,15951,1159797.21,1151898.0800000003,0.0,0.0
2016-09-28,buy,68.95,17,1172.15,1115545.2700000005,0.0,0.0
2016-09-30,sell,71.9,-15968,1160969.3599999999,1148119.9900000007,0.0,-12870.159999999758
2016-10-12,buy,68.29,16795,1146930.55,1148119.9900000007,0.0,0.0
2016-10-19,sell,72.38,-16795,1146930.55,1216811.5400000005,0.0,68691.54999999981
2016-10-28,buy,71.05,17109,1215594.45,1239566.5100000005,0.0,0.0
2016-11-03,buy,70.0,17,1190.0,1166992.7300000004,0.0,0.0
2017-03-21,sell,77.1,-17126,1216784.45,1320441.6900000004,0.0,103630.14999999992
2017-04-07,buy,75.14,17555,1319082.7,1348003.0400000003,0.0,0.0
2017-04-11,sell,77.0,-17555,1319082.7,1353093.9900000005,0.0,32652.29999999999
2017-08-03,buy,71.67,18860,1351696.2,1325181.1900000004,0.0,0.0
2017-08-07,buy,70.48,19,1339.1200000000001,1375582.6100000003,0.0,0.0
2017-08-29,sell,69.33,-18879,1353035.32,1308939.7400000002,0.0,-44154.250000000204
2017-10-06,buy,70.71,18492,1307569.3199999998,1352211.0200000003,0.0,0.0
2017-10-09,buy,73.05,18,1314.8999999999999,1391822.4200000004,0.0,0.0
2017-11-08,sell,73.29,-18510,1308884.2199999997,1356653.4200000006,0.0,47713.68000000035
2017-11-16,buy,69.95,19375,1355281.25,1348322.1700000006,0.0,0.0
2017-11-17,buy,69.52,19,1320.8799999999999,1366940.4100000008,0.0,0.0
2017-12-05,sell,64.29,-19394,1356602.13,1246891.5500000007,0.0,-109761.86999999979
2018-06-19,buy,51.43000000000001,24220,1245634.6,1200631.3500000008,0.0,0.0
2018-06-21,buy,47.33,26,1230.58,1166258.9700000007,0.0,0.0
2018-07-13,sell,48.57,-24246,1246865.1800000002,1177654.5900000005,0.0,-69236.9600000002
2018-09-20,buy,49.61999999999999,23709,1176440.5799999998,1198044.3300000005,0.0,0.0
2018-09-24,sell,51.42999999999999,-23709,1176440.5799999998,1220567.8800000006,0.0,42913.29000000005
2018-10-01,buy,51.38,23731,1219298.78,1213923.2000000007,0.0,0.0
2018-10-02,buy,51.1,24,1226.4,1165225.4500000007,0.0,0.0
2018-11-14,buy,39.9,1,39.9,984213.8800000005,0.0,0.0
2019-01-16,sell,62.760000000000005,-23756,1220565.0799999998,1490929.3600000003,0.0,270361.48000000004
2019-03-14,buy,60.190000000000005,24745,1489401.55,1455544.0100000002,0.0,0.0
2019-03-15,buy,58.76,25,1469.0,1440186.6100000003,0.0,0.0
2019-03-21,buy,57.71,1,57.71,1531096.6100000003,0.0,0.0
2019-10-31,sell,72.62,-24771,1490928.26,1798871.1200000003,0.0,307941.7600000001
2020-03-11,buy,58.1,30930,1797033.0,1853307.9200000004,0.0,0.0
2020-03-13,buy,51.1,35,1788.5,1598462.9200000002,0.0,0.0
2020-03-19,buy,48.19,1,48.19,1310792.2100000004,0.0,0.0
2020-06-09,sell,62.86,-30966,1798869.69,1946524.1900000004,0.0,147653.07000000007
2020-06-23,buy,58.57,33200,1944524.0,1914984.1900000004,0.0,0.0
2020-06-24,buy,57.62,34,1959.08,1930936.5100000005,0.0,0.0
2020-07-01,sell,61.76,-33234,1946483.08,2052572.9500000002,0.0,106048.75999999982
2020-07-28,buy,60.0,34175,2050500.0,2065559.4500000002,0.0,0.0
2020-07-30,buy,60.1,34,2043.4,2034780.87,0.0,0.0
2020-10-20,sell,59.52,-34209,2052543.4,2036149.2300000002,0.0,-16423.719999999914
2021-03-09,buy,63.0,32287,2034081.0,2050678.3800000004,0.0,0.0
2021-03-10,buy,63.45,32,2030.4,2097540.93,0.0,0.0
2021-03-11,sell,64.9,-32319,2036111.4,2097540.93,0.0,61391.700000000164
2021-03-12,buy,62.7,33420,2095434.0,2120934.93,0.0,0.0
2021-03-15,buy,63.39999999999999,33,2092.2,2074100.7300000002,0.0,0.0
2021-06-03,sell,59.9,-33453,2097526.2,2003849.4300000002,0.0,-93691.50000000016
2021-07-27,buy,56.7,35305,2001793.5,2083285.6800000002,0.0,0.0
2021-07-28,buy,58.95,34,2004.3000000000002,2032044.1300000001,0.0,0.0
2021-08-19,sell,60.70000000000001,-35339,2003797.8,2145128.93,0.0,141279.49999999994
2021-09-02,buy,62.2,34453,2142976.6,2214034.93,0.0,0.0
2021-09-03,sell,64.2,-34453,2142976.6,2214034.93,0.0,68906.0
2022-06-24,buy,47.9,46175,2211782.5,2253283.68,0.0,0.0
2022-06-28,sell,50.0,-46175,2211782.5,2311002.43,0.0,96967.50000000007
2022-07-01,buy,48.7,47406,2308672.2,2280188.53,0.0,0.0
2022-07-04,buy,48.04999999999999,48,2306.3999999999996,2277815.83,0.0,0.0
2022-07-07,sell,52.5,-47454,2310978.6,2491358.83,0.0,180356.3999999998
2022-07-08,buy,50.0,49777,2488850.0,2456514.9299999997,0.0,0.0
2022-07-11,buy,49.3,50,2465.0,2488902.4800000004,0.0,0.0
2022-08-05,sell,55.0,-49827,2491315.0,2740528.83,0.0,249169.99999999985
2022-08-08,buy,53.75,50935,2737756.25,2804197.58,0.0,0.0
2022-08-10,buy,54.0,51,2754.0,2773656.98,0.0,0.0
2022-08-16,sell,55.05,-50986,2740510.25,2806797.88,0.0,66269.04999999984
2022-08-25,buy,52.4,53511,2803976.4,2804122.33,0.0,0.0
2022-08-26,buy,52.35,53,2774.55,2919284.93,0.0,0.0
2022-08-31,sell,54.0,-53564,2806750.9499999997,2892502.93,0.0,85705.05000000028
2022-09-09,buy,50.20000000000001,57562,2889612.4000000004,2886746.73,0.0,0.0
2022-09-12,buy,50.1,57,2855.7000000000003,2938603.8299999996,0.0,0.0
2022-09-16,sell,50.1,-57619,2892468.1000000006,2886746.73,0.0,-5756.200000000399
2022-09-19,buy,49.05,58794,2883845.6999999997,2825013.0300000003,0.0,0.0
2022-09-20,buy,48.0,60,2880.0,2836783.8300000005,0.0,0.0
2022-12-15,sell,48.95,-58854,2886725.6999999997,2880924.3300000005,0.0,-5822.399999999556
2022-12-20,buy,47.45,60654,2878032.3000000003,2911251.3300000005,0.0,0.0
2022-12-22,sell,49.3,-60654,2878032.3000000003,2993134.23,0.0,112209.89999999966
2023-08-18,buy,39.2,76279,2990136.8000000003,2905413.3799999994,0.0,0.0
2023-08-22,buy,38.05,78,2967.8999999999996,2771788.6299999994,0.0,0.0
2023-09-27,sell,38.15,-76357,2993104.7,2913049.0799999996,0.0,-80085.15000000027
