strat_id,strat_name,dt,type,price,size,order_value,portfolio_value,commission,pnl
0,upper_limit2_lower_limit-2,2004-04-16,buy,3.0,33101,99303.0,97749.13200000001,595.818,0.0
0,upper_limit2_lower_limit-2,2004-04-19,buy,2.95,34,100.30000000000001,97748.5302,0.6018000000000001,0.0
0,upper_limit2_lower_limit-2,2004-08-19,sell,4.05,-33135,99403.3,133391.84970000002,805.1804999999999,34793.44999999999
0,upper_limit2_lower_limit-2,2004-08-20,buy,4.0,33115,132460.0,135908.5897,794.76,0.0
0,upper_limit2_lower_limit-2,2004-08-25,buy,4.05,33,133.65,134252.03780000002,0.8019000000000001,0.0
0,upper_limit2_lower_limit-2,2004-09-20,sell,4.7,-33148,132593.65,154863.46420000005,934.7736000000001,23201.950000000004
0,upper_limit2_lower_limit-2,2004-09-22,buy,4.8,32038,153782.4,153940.76980000004,922.6944,0.0
0,upper_limit2_lower_limit-2,2004-09-27,buy,4.8,32,153.6,163560.84820000007,0.9216,0.0
0,upper_limit2_lower_limit-2,2004-09-28,sell,5.1,-32070,153936.0,162579.50620000006,981.342,9620.999999999995
0,upper_limit2_lower_limit-2,2004-09-29,buy,5.1,31656,161445.59999999998,158445.23260000008,968.6736,0.0
0,upper_limit2_lower_limit-2,2004-09-30,buy,5.0,32,160.0,158444.27260000008,0.96,0.0
0,upper_limit2_lower_limit-2,2004-10-05,sell,5.4,-31688,161605.59999999998,170092.7814000001,1026.6912000000002,9509.600000000022
0,upper_limit2_lower_limit-2,2004-10-06,buy,5.3,31869,168905.69999999998,165892.44720000014,1013.4341999999999,0.0
0,upper_limit2_lower_limit-2,2004-10-07,buy,5.2,33,171.6,162701.2176000001,1.0296,0.0
0,upper_limit2_lower_limit-2,2004-11-18,sell,5.9,-31902,169077.3,187093.48680000013,1129.3308000000002,19144.500000000022
0,upper_limit2_lower_limit-2,2004-11-19,buy,5.8,32033,185791.4,182775.43840000013,1114.7484,0.0
0,upper_limit2_lower_limit-2,2004-11-22,buy,5.7,32,182.4,179567.84400000013,1.0944,0.0
0,upper_limit2_lower_limit-2,2005-01-12,sell,6.5,-32065,185973.8,207175.80900000012,1250.535,22448.700000000015
0,upper_limit2_lower_limit-2,2005-01-13,buy,6.3,32656,205732.8,215738.21220000013,1234.3968,0.0
0,upper_limit2_lower_limit-2,2005-01-14,sell,6.6,-32656,205732.8,214445.03460000013,1293.1776,9796.799999999994
0,upper_limit2_lower_limit-2,2005-01-20,buy,6.5,32762,212953.0,216443.51660000012,1277.718,0.0
0,upper_limit2_lower_limit-2,2005-01-24,sell,6.9,-32762,212953.0,224915.76980000015,1356.3468,13104.800000000012
0,upper_limit2_lower_limit-2,2005-01-26,buy,7.2,31020,223344.0,220473.70580000014,1340.064,0.0
0,upper_limit2_lower_limit-2,2005-01-27,buy,7.1,32,227.2,226682.74260000017,1.3632,0.0
0,upper_limit2_lower_limit-2,2005-01-28,sell,7.3,-31052,223571.2,225322.66500000018,1360.0776,3108.3999999999924
0,upper_limit2_lower_limit-2,2005-02-01,buy,7.1,31514,223749.4,227131.5686000002,1342.4964,0.0
0,upper_limit2_lower_limit-2,2005-02-08,buy,7.4,30,222.0,227124.2366000002,1.332,0.0
0,upper_limit2_lower_limit-2,2005-02-09,buy,7.2,1,7.2,230278.6934000002,0.0432,0.0
0,upper_limit2_lower_limit-2,2005-02-18,sell,7.9,-31545,223978.6,247710.4604000002,1495.2330000000002,25226.900000000005
0,upper_limit2_lower_limit-2,2005-02-21,buy,7.9,31137,245982.30000000002,243120.86660000018,1475.8938,0.0
0,upper_limit2_lower_limit-2,2005-02-22,buy,7.8,32,249.6,243119.36900000015,1.4976,0.0
0,upper_limit2_lower_limit-2,2005-02-28,sell,8.1,-31169,246231.90000000002,250955.25560000012,1514.8134,6236.999999999956
0,upper_limit2_lower_limit-2,2005-03-02,buy,8.1,30766,249204.59999999998,246383.42800000013,1495.2276,0.0
0,upper_limit2_lower_limit-2,2005-03-03,buy,8.0,31,248.0,255621.04000000018,1.488,0.0
0,upper_limit2_lower_limit-2,2005-03-04,sell,8.3,-30797,249452.59999999998,254087.34940000015,1533.6906000000001,6162.500000000032
0,upper_limit2_lower_limit-2,2005-03-09,buy,8.4,30038,252319.2,261584.83420000013,1513.9152000000001,0.0
0,upper_limit2_lower_limit-2,2005-03-10,sell,8.7,-30038,252319.2,260016.85060000012,1567.9836,9011.399999999969
0,upper_limit2_lower_limit-2,2005-03-14,buy,8.4,30739,258207.6,264615.4050000001,1549.2456,0.0
0,upper_limit2_lower_limit-2,2005-03-16,buy,8.4,30,252.0,252312.2930000001,1.512,0.0
0,upper_limit2_lower_limit-2,2005-05-03,sell,7.3,-30769,258459.6,223272.51080000008,1347.6822,-33845.900000000016
0,upper_limit2_lower_limit-2,2005-05-04,buy,7.3,30372,221715.6,224979.41720000008,1330.2936,0.0
0,upper_limit2_lower_limit-2,2005-05-06,sell,7.7,-30372,221715.6,232687.83080000008,1403.1864,12148.80000000001
0,upper_limit2_lower_limit-2,2005-05-09,buy,7.6,30403,231062.8,237382.0540000001,1386.3768,0.0
0,upper_limit2_lower_limit-2,2005-05-10,sell,7.8,-30403,231062.8,235959.1936000001,1422.8604,6080.600000000006
0,upper_limit2_lower_limit-2,2005-05-11,buy,7.6,30831,234315.59999999998,228387.10000000012,1405.8935999999999,0.0
0,upper_limit2_lower_limit-2,2005-05-12,buy,7.4,31,229.4,231471.9236000001,1.3764,0.0
0,upper_limit2_lower_limit-2,2005-05-18,sell,7.8,-30862,234544.99999999997,239286.1820000001,1444.3416,6178.600000000026
0,upper_limit2_lower_limit-2,2005-05-19,buy,7.7,30859,237614.30000000002,234774.59620000006,1425.6858,0.0
0,upper_limit2_lower_limit-2,2005-05-20,buy,7.6,32,243.2,234773.13700000005,1.4592,0.0
0,upper_limit2_lower_limit-2,2005-05-30,sell,7.5,-30891,237857.50000000003,230293.94200000007,1390.095,-6175.000000000035
0,upper_limit2_lower_limit-2,2005-05-31,buy,7.5,30492,228690.0,228921.80200000005,1372.1399999999999,0.0
0,upper_limit2_lower_limit-2,2005-06-03,sell,8.1,-30492,228690.0,245735.09080000003,1481.9112,18295.19999999999
0,upper_limit2_lower_limit-2,2005-06-08,buy,8.1,30126,244020.59999999998,238245.7672000001,1464.1236,0.0
0,upper_limit2_lower_limit-2,2005-06-09,buy,7.9,31,244.9,229197.19780000002,1.4694,0.0
0,upper_limit2_lower_limit-2,2005-07-08,sell,7.4,-30157,244265.49999999997,221826.82700000008,1338.9708,-21103.699999999953
0,upper_limit2_lower_limit-2,2005-07-12,buy,7.2,30594,220276.80000000002,226623.96620000005,1321.6607999999999,0.0
0,upper_limit2_lower_limit-2,2005-07-21,buy,7.7,29,223.3,238863.12640000007,1.3398,0.0
0,upper_limit2_lower_limit-2,2005-09-16,sell,8.7,-30623,220500.1,264825.30580000003,1598.5205999999998,45919.99999999996
0,upper_limit2_lower_limit-2,2005-10-21,buy,9.699999999999998,27111,262976.69999999995,257825.24560000005,1577.8601999999998,0.0
0,upper_limit2_lower_limit-2,2005-10-24,buy,9.5,28,266.0,252395.8496000001,1.596,0.0
0,upper_limit2_lower_limit-2,2005-11-03,sell,9.900000000000002,-27139,263242.69999999995,267067.193,1612.0566000000001,5433.400000000039
0,upper_limit2_lower_limit-2,2005-11-15,buy,9.5,27916,265202.0,262684.38100000005,1591.212,0.0
0,upper_limit2_lower_limit-2,2005-11-16,buy,9.4,28,263.2,262682.8018000001,1.5792000000000002,0.0
0,upper_limit2_lower_limit-2,2005-11-18,buy,9.1,1,9.1,257094.0472,0.054599999999999996,0.0
0,upper_limit2_lower_limit-2,2005-11-22,sell,9.6,-27945,265474.3,266662.4152,1609.632,2797.6999999999807
0,upper_limit2_lower_limit-2,2005-11-23,buy,9.5,27874,264803.0,262286.1972,1588.818,0.0
0,upper_limit2_lower_limit-2,2005-11-30,buy,9.5,28,266.0,265072.0012,1.596,0.0
0,upper_limit2_lower_limit-2,2006-01-04,sell,9.5,-27902,265069.0,263481.5872,1590.414,0.0
0,upper_limit2_lower_limit-2,2006-01-12,buy,9.9,26429,261647.1,277769.1046,1569.8826000000001,0.0
0,upper_limit2_lower_limit-2,2006-01-13,sell,10.5,-26429,261647.1,276104.0776,1665.027,15857.39999999999
0,upper_limit2_lower_limit-2,2006-01-16,buy,10.25,26749,274177.25,274459.01410000003,1645.0635,0.0
0,upper_limit2_lower_limit-2,2006-01-18,sell,11.5,-26749,274177.25,306049.58310000005,1845.681,33436.25
0,upper_limit2_lower_limit-2,2006-01-20,buy,11.5,26427,303910.5,304226.12010000006,1823.4630000000002,0.0
0,upper_limit2_lower_limit-2,2006-01-25,sell,11.75,-26427,303910.5,308969.76660000003,1863.1035000000002,6606.75
0,upper_limit2_lower_limit-2,2006-01-30,buy,12.0,25568,306816.0,307128.8706,1840.8960000000002,0.0
0,upper_limit2_lower_limit-2,2006-02-07,buy,11.75,26,305.5,287938.03760000004,1.833,0.0
0,upper_limit2_lower_limit-2,2006-02-23,sell,11.75,-25594,307121.5,298930.66060000006,1804.377,-6392.000000000016
0,upper_limit2_lower_limit-2,2006-02-24,buy,11.25,26386,296842.5,283956.60560000007,1781.055,0.0
0,upper_limit2_lower_limit-2,2006-02-27,buy,10.75,28,301.0,297161.7996000001,1.806,0.0
0,upper_limit2_lower_limit-2,2006-02-28,sell,11.25,-26414,297143.5,295378.8546000001,1782.9450000000002,14.000000000002139
0,upper_limit2_lower_limit-2,2006-03-09,buy,12.25,23944,293314.0,293618.97060000006,1759.8840000000002,0.0
0,upper_limit2_lower_limit-2,2006-03-15,buy,12.0,25,300.0,293623.42060000007,1.7999999999999998,0.0
0,upper_limit2_lower_limit-2,2006-04-07,sell,12.75,-23969,293614.0,303774.2921000001,1833.6284999999998,11990.75000000001
0,upper_limit2_lower_limit-2,2006-04-10,buy,12.5,24132,301650.0,295931.39210000006,1809.9,0.0
0,upper_limit2_lower_limit-2,2006-04-11,buy,12.25,25,306.25,265733.3046000001,1.8375,0.0
0,upper_limit2_lower_limit-2,2006-04-17,sell,11.75,-24157,301956.25,282147.9861000001,1703.0685,-18111.500000000004
0,upper_limit2_lower_limit-2,2006-04-19,buy,11.5,24363,280174.5,280466.9391000001,1681.047,0.0
0,upper_limit2_lower_limit-2,2006-04-25,sell,12.25,-24363,280174.5,296948.50860000006,1790.6805,18272.25
0,upper_limit2_lower_limit-2,2006-04-26,buy,12.0,24573,294876.0,295179.25260000007,1769.2560000000003,0.0
0,upper_limit2_lower_limit-2,2006-05-03,buy,12.0,25,300.0,301326.9526000001,1.7999999999999998,0.0
0,upper_limit2_lower_limit-2,2006-05-05,sell,13.0,-24598,295176.0,317856.8086000001,1918.644,24598.0
0,upper_limit2_lower_limit-2,2006-05-10,buy,13.75,22956,315645.0,310223.9386000001,1893.87,0.0
0,upper_limit2_lower_limit-2,2006-05-12,sell,14.0,-22956,315645.0,319773.6346000001,1928.3039999999999,5739.0
0,upper_limit2_lower_limit-2,2006-05-15,buy,13.75,23094,317542.5,317868.3796000001,1905.2549999999999,0.0
0,upper_limit2_lower_limit-2,2006-05-18,buy,13.5,23,310.5,312093.0166000001,1.8630000000000002,0.0
0,upper_limit2_lower_limit-2,2006-05-22,buy,13.25,1,13.25,312093.1871000001,0.0795,0.0
0,upper_limit2_lower_limit-2,2006-06-16,sell,13.0,-23118,317866.25,298730.98310000007,1803.204,-17332.24999999998
0,upper_limit2_lower_limit-2,2006-06-21,buy,13.0,22819,296647.0,296951.1011000001,1779.8820000000003,0.0
0,upper_limit2_lower_limit-2,2006-07-05,buy,13.25,22,291.5,302654.1021000001,1.749,0.0
0,upper_limit2_lower_limit-2,2006-07-10,sell,14.5,-22841,296938.5,329218.18510000006,1987.167,34256.000000000015
0,upper_limit2_lower_limit-2,2006-07-12,buy,14.0,23351,326914.0,327256.70110000006,1961.484,0.0
0,upper_limit2_lower_limit-2,2006-07-14,sell,14.5,-23351,326914.0,336900.66410000005,2031.5369999999998,11675.5
0,upper_limit2_lower_limit-2,2006-07-17,buy,13.75,24331,334551.25,347058.85660000006,2007.3075,0.0
0,upper_limit2_lower_limit-2,2006-07-19,buy,14.0,24,336.0,340974.09060000005,2.016,0.0
0,upper_limit2_lower_limit-2,2006-08-14,sell,15.0,-24355,334887.25,363137.14060000004,2191.95,30437.74999999998
0,upper_limit2_lower_limit-2,2006-08-16,buy,14.75,24448,360608.0,360973.49260000006,2163.648,0.0
0,upper_limit2_lower_limit-2,2006-08-25,buy,14.75,24,354.0,360971.36860000005,2.124,0.0
0,upper_limit2_lower_limit-2,2006-09-11,sell,15.75,-24472,360962.0,383130.76460000005,2312.604,24472.0
0,upper_limit2_lower_limit-2,2006-09-13,buy,15.5,24546,380463.0,386984.48660000006,2282.7780000000002,0.0
0,upper_limit2_lower_limit-2,2006-09-18,buy,15.75,24,378.0,399267.2186000001,2.2680000000000002,0.0
0,upper_limit2_lower_limit-2,2006-09-19,sell,16.25,-24570,380841.0,396871.64360000007,2395.5750000000003,18421.5
0,upper_limit2_lower_limit-2,2006-10-30,buy,19.75,19954,394091.5,394507.09460000007,2364.549,0.0
0,upper_limit2_lower_limit-2,2006-11-07,buy,19.5,21,409.5,379528.6376000001,2.457,0.0
0,upper_limit2_lower_limit-2,2007-01-02,sell,20.75,-19975,394501.00000000006,411998.00010000006,2486.8875000000003,19980.249999999964
0,upper_limit2_lower_limit-2,2007-01-03,buy,20.25,20204,409131.0,449951.21410000004,2454.786,0.0
0,upper_limit2_lower_limit-2,2007-01-04,sell,22.25,-20204,409131.0,447253.98010000004,2697.234,40408.0
0,upper_limit2_lower_limit-2,2007-01-18,buy,23.5,18899,444126.5,449313.9711,2664.759,0.0
0,upper_limit2_lower_limit-2,2007-02-06,sell,26.0,-18899,444126.5,488888.4771,2948.244,47247.5
0,upper_limit2_lower_limit-2,2007-02-07,buy,25.5,19038,485469.0,471697.1631,2912.8140000000003,0.0
0,upper_limit2_lower_limit-2,2007-02-08,buy,24.75,20,495.0,471694.19310000003,2.9699999999999998,0.0
0,upper_limit2_lower_limit-2,2007-02-15,sell,25.5,-19058,485964.0,483071.8191,2915.874,14.99999999998429
0,upper_limit2_lower_limit-2,2007-03-01,buy,29.0,16541,479689.0,496734.6851,2878.134,0.0
0,upper_limit2_lower_limit-2,2007-03-02,sell,30.0,-16541,479689.0,493757.3051,2977.3799999999997,16541.0
0,upper_limit2_lower_limit-2,2007-03-05,buy,29.0,16907,490303.0,465454.98709999997,2941.818,0.0
0,upper_limit2_lower_limit-2,2007-03-06,buy,27.5,18,495.0,456989.5171,2.9699999999999998,0.0
0,upper_limit2_lower_limit-2,2007-03-08,sell,28.0,-16925,490798.0,471071.1171,2843.4,-16897.999999999978
0,upper_limit2_lower_limit-2,2007-03-15,buy,29.5,15857,467781.5,452407.42809999996,2806.689,0.0
0,upper_limit2_lower_limit-2,2007-03-16,buy,28.5,16,456.0,460341.1921,2.736,0.0
0,upper_limit2_lower_limit-2,2007-04-11,sell,28.0,-15873,468237.5,441801.5281,2666.6639999999998,-23793.500000000022
0,upper_limit2_lower_limit-2,2007-04-13,buy,27.0,16249,438723.0,447293.6901,2632.338,0.0
0,upper_limit2_lower_limit-2,2007-04-17,sell,28.5,-16249,438723.0,460764.1111,2778.579,24373.5
0,upper_limit2_lower_limit-2,2007-04-25,buy,27.5,16638,457545.0,466337.84109999996,2745.27,0.0
0,upper_limit2_lower_limit-2,2007-05-02,buy,28.0,16,448.0,466335.1531,2.688,0.0
0,upper_limit2_lower_limit-2,2007-05-15,sell,28.5,-16654,457993.0,471814.3191,2847.8340000000003,16646.000000000022
0,upper_limit2_lower_limit-2,2007-05-16,buy,28.0,16733,468524.0,477369.67510000005,2811.144,0.0
0,upper_limit2_lower_limit-2,2007-05-31,buy,27.5,17,467.5,460633.8701,2.805,0.0
0,upper_limit2_lower_limit-2,2007-06-05,sell,28.5,-16750,468991.5,474519.6201,2864.25,8383.499999999998
0,upper_limit2_lower_limit-2,2007-06-06,buy,28.0,16829,471212.0,471692.3481,2827.272,0.0
0,upper_limit2_lower_limit-2,2007-06-12,buy,27.5,17,467.5,454852.0431,2.805,0.0
0,upper_limit2_lower_limit-2,2007-06-14,sell,28.0,-16846,471679.5,468867.9151,2830.128,8.500000000002466
0,upper_limit2_lower_limit-2,2007-06-25,buy,29.5,15783,465598.5,466074.32409999997,2793.5910000000003,0.0
0,upper_limit2_lower_limit-2,2007-07-05,buy,28.5,16,456.0,458188.0881,2.736,0.0
0,upper_limit2_lower_limit-2,2007-07-11,sell,29.5,-15799,466054.5,463291.1651,2796.423,16.00000000000457
0,upper_limit2_lower_limit-2,2007-07-30,buy,31.5,14605,460057.5,438623.3201,2760.345,0.0
0,upper_limit2_lower_limit-2,2007-07-31,buy,30.0,15,450.0,460550.6201,2.6999999999999997,0.0
0,upper_limit2_lower_limit-2,2007-08-01,sell,31.5,-14620,460507.5,457787.4401,2763.18,22.500000000025437
0,upper_limit2_lower_limit-2,2007-08-02,buy,31.0,14664,454584.0,455059.9361,2727.5040000000004,0.0
0,upper_limit2_lower_limit-2,2007-08-06,buy,30.0,15,450.0,433053.7361,2.6999999999999997,0.0
0,upper_limit2_lower_limit-2,2007-08-10,sell,30.5,-14679,455034.0,445046.4791,2686.257,-7324.500000000007
0,upper_limit2_lower_limit-2,2007-08-13,buy,29.5,14981,441939.5,442394.8421,2651.6369999999997,0.0
0,upper_limit2_lower_limit-2,2007-08-16,buy,29.0,15,435.0,427403.7321,2.61,0.0
0,upper_limit2_lower_limit-2,2007-08-22,sell,31.0,-14996,442374.5,462104.4761,2789.256,22501.500000000007
0,upper_limit2_lower_limit-2,2007-08-23,buy,30.5,15045,458872.5,474396.24110000004,2753.2349999999997,0.0
0,upper_limit2_lower_limit-2,2007-08-24,sell,31.5,-15045,458872.5,471552.73610000004,2843.5049999999997,15045.0
0,upper_limit2_lower_limit-2,2007-08-29,buy,31.0,15105,468255.0,461190.7061,2809.5299999999997,0.0
0,upper_limit2_lower_limit-2,2007-08-31,sell,31.0,-15105,468255.0,465933.6761,2809.5299999999997,0.0
0,upper_limit2_lower_limit-2,2007-10-01,buy,36.5,12676,462674.0,469495.6321,2776.044,0.0
0,upper_limit2_lower_limit-2,2007-10-04,sell,39.0,-12676,462674.0,491881.4481,2966.1839999999997,31690.0
0,upper_limit2_lower_limit-2,2007-10-08,buy,37.5,13025,488437.5,488950.8231,2930.625,0.0
0,upper_limit2_lower_limit-2,2007-10-11,sell,39.0,-13025,488437.5,505440.4731,3047.8500000000004,19537.5
0,upper_limit2_lower_limit-2,2007-10-17,buy,40.5,12393,501916.5,490035.9741,3011.4990000000003,0.0
0,upper_limit2_lower_limit-2,2007-10-18,buy,39.5,12,474.0,477628.1301,2.8440000000000003,0.0
0,upper_limit2_lower_limit-2,2007-10-22,sell,39.5,-12405,502390.5,487093.1451,2939.985,-12392.999999999996
0,upper_limit2_lower_limit-2,2007-11-09,buy,41.0,11797,483677.0,478292.58310000005,2902.062,0.0
0,upper_limit2_lower_limit-2,2007-11-13,buy,39.5,12,474.0,460588.2391,2.8440000000000003,0.0
0,upper_limit2_lower_limit-2,2007-11-15,sell,40.0,-11809,484151.0,469563.07910000003,2834.16,-11790.999999999987
0,upper_limit2_lower_limit-2,2007-11-16,buy,39.5,11804,466258.0,466765.5311,2797.548,0.0
0,upper_limit2_lower_limit-2,2007-11-21,buy,38.5,13,500.5,454958.52810000005,3.003,0.0
0,upper_limit2_lower_limit-2,2007-11-27,sell,41.0,-11817,466758.5,481594.04610000004,2906.982,17738.500000000015
0,upper_limit2_lower_limit-2,2007-12-05,buy,44.0,10869,478236.0,478724.6301,2869.416,0.0
0,upper_limit2_lower_limit-2,2007-12-07,sell,46.0,-10869,478236.0,497462.7861,2999.844,21738.0
0,upper_limit2_lower_limit-2,2007-12-13,buy,44.0,11227,493988.0,505725.8581,2963.928,0.0
0,upper_limit2_lower_limit-2,2007-12-17,buy,44.0,11,484.0,494495.95410000003,2.904,0.0
0,upper_limit2_lower_limit-2,2008-01-25,sell,37.0,-11238,494472.0,413335.1181,2494.836,-78666.0
0,upper_limit2_lower_limit-2,2008-01-30,buy,38.5,10661,410448.5,405541.92710000003,2462.6910000000003,0.0
0,upper_limit2_lower_limit-2,2008-02-06,buy,37.0,11,407.0,389542.48510000005,2.442,0.0
0,upper_limit2_lower_limit-2,2008-02-12,sell,37.5,-10672,410855.5,397813.28510000004,2401.2,-10655.50000000001
0,upper_limit2_lower_limit-2,2008-02-13,buy,36.0,10973,395028.0,378983.61710000003,2370.168,0.0
0,upper_limit2_lower_limit-2,2008-02-14,buy,34.5,11,379.5,362505.34010000003,2.277,0.0
0,upper_limit2_lower_limit-2,2008-02-15,buy,33.0,1,33.0,351520.14210000006,0.198,0.0
0,upper_limit2_lower_limit-2,2008-02-29,sell,33.5,-10985,395440.4999999999,365789.65710000007,2207.9849999999997,-27442.999999999905
0,upper_limit2_lower_limit-2,2008-03-10,buy,33.5,10843,363240.5,358188.71410000004,2179.443,0.0
0,upper_limit2_lower_limit-2,2008-03-12,buy,32.0,11,352.0,369051.6021000001,2.112,0.0
0,upper_limit2_lower_limit-2,2008-03-13,sell,34.0,-10854,363592.50000000006,366837.38610000006,2214.216,5443.499999999967
0,upper_limit2_lower_limit-2,2008-03-18,buy,32.0,11383,364256.0,364651.85010000004,2185.536,0.0
0,upper_limit2_lower_limit-2,2008-03-24,sell,33.5,-11383,364256.0,379438.36710000003,2287.983,17074.5
0,upper_limit2_lower_limit-2,2008-03-25,buy,33.0,11418,376794.0,382886.6031,2260.7639999999997,0.0
0,upper_limit2_lower_limit-2,2008-03-27,buy,32.5,11,357.5,360037.45810000005,2.145,0.0
0,upper_limit2_lower_limit-2,2008-04-03,sell,32.5,-11429,377151.50000000006,369237.8031,2228.6549999999997,-5709.000000000031
0,upper_limit2_lower_limit-2,2008-04-11,buy,31.5,11640,366660.0,367037.8431,2199.96,0.0
0,upper_limit2_lower_limit-2,2008-04-16,buy,31.0,12,372.0,367041.61110000004,2.232,0.0
0,upper_limit2_lower_limit-2,2008-05-16,sell,33.5,-11652,367032.0,388003.5591,2342.052,23310.000000000007
0,upper_limit2_lower_limit-2,2008-05-22,buy,33.5,11501,385283.5,379941.3581,2311.701,0.0
0,upper_limit2_lower_limit-2,2008-05-27,buy,32.5,12,390.0,379945.0181,2.3400000000000003,0.0
0,upper_limit2_lower_limit-2,2008-05-29,sell,34.0,-11513,385673.5,389109.3661,2348.652,5768.499999999985
0,upper_limit2_lower_limit-2,2008-06-03,buy,33.0,11709,386397.0,386790.9841,2318.382,0.0
0,upper_limit2_lower_limit-2,2008-06-10,buy,32.0,12,384.0,369219.1801,2.3040000000000003,0.0
0,upper_limit2_lower_limit-2,2008-06-17,sell,31.5,-11721,386781.00000000006,367003.9111,2215.2690000000002,-17569.500000000033
0,upper_limit2_lower_limit-2,2008-06-23,buy,30.5,11949,364444.5,352868.2441,2186.667,0.0
0,upper_limit2_lower_limit-2,2008-06-24,buy,29.5,12,354.0,358846.6201,2.124,0.0
0,upper_limit2_lower_limit-2,2008-07-09,sell,29.5,-11961,364798.5,350749.0231,2117.097,-11949.000000000018
0,upper_limit2_lower_limit-2,2008-07-11,buy,29.0,12010,348290.0,342654.2831,2089.7400000000002,0.0
0,upper_limit2_lower_limit-2,2008-07-16,buy,28.0,13,364.0,336647.0991,2.184,0.0
0,upper_limit2_lower_limit-2,2008-07-25,sell,30.5,-12023,348654.0,364504.3901,2200.2090000000003,18047.500000000022
0,upper_limit2_lower_limit-2,2008-07-28,buy,30.0,12065,361950.0,362332.6901,2171.7,0.0
0,upper_limit2_lower_limit-2,2008-08-05,buy,29.5,12,354.0,362336.5661,2.124,0.0
0,upper_limit2_lower_limit-2,2008-09-04,sell,29.0,-12077,362304.0,348158.1681,2101.398,-12071.000000000011
0,upper_limit2_lower_limit-2,2008-09-08,buy,28.5,12131,345733.5,340018.2671,2074.401,0.0
0,upper_limit2_lower_limit-2,2008-09-09,buy,28.0,12,336.0,340016.2511,2.016,0.0
0,upper_limit2_lower_limit-2,2008-09-18,sell,27.0,-12143,346069.5,325906.08509999997,1967.1660000000002,-18208.49999999998
0,upper_limit2_lower_limit-2,2008-09-19,buy,23.75,13626,323617.5,340996.88009999995,1941.705,0.0
0,upper_limit2_lower_limit-2,2008-09-22,sell,25.0,-13626,323617.5,338952.9800999999,2043.9,17032.5
0,upper_limit2_lower_limit-2,2008-09-25,buy,25.0,13463,336575.0,343665.0300999999,2019.45,0.0
0,upper_limit2_lower_limit-2,2008-10-06,buy,25.0,14,350.0,336931.43009999994,2.1,0.0
0,upper_limit2_lower_limit-2,2008-10-15,sell,21.25,-13477,336925.0,284674.36259999993,1718.3174999999999,-50538.75
0,upper_limit2_lower_limit-2,2008-10-16,buy,20.0,14134,282680.0,258243.78259999995,1696.08,0.0
0,upper_limit2_lower_limit-2,2008-10-17,buy,18.25,16,292.0,240554.53059999997,1.752,0.0
0,upper_limit2_lower_limit-2,2008-11-03,sell,14.25,-14150,282972.0,200432.20559999996,1209.825,-81334.49999999997
0,upper_limit2_lower_limit-2,2008-11-05,buy,15.25,13051,199027.75,199238.03909999997,1194.1665,0.0
0,upper_limit2_lower_limit-2,2008-11-07,buy,14.25,14,199.5,179653.34209999995,1.197,0.0
0,upper_limit2_lower_limit-2,2008-11-12,sell,14.25,-13065,199227.25,185068.78459999996,1117.0575000000001,-13051.00000000001
0,upper_limit2_lower_limit-2,2008-11-13,buy,13.75,13365,183768.75,187307.42209999997,1102.6125,0.0
0,upper_limit2_lower_limit-2,2008-11-14,sell,14.0,-13365,183768.75,186184.76209999996,1122.6599999999999,3341.25
0,upper_limit2_lower_limit-2,2008-11-17,buy,13.5,13695,184882.5,195346.71709999995,1109.295,0.0
0,upper_limit2_lower_limit-2,2008-11-18,sell,14.25,-13695,184882.5,194175.79459999996,1170.9225000000001,10271.25
0,upper_limit2_lower_limit-2,2008-11-19,buy,14.0,13773,192822.0,206791.86259999996,1156.932,0.0
0,upper_limit2_lower_limit-2,2008-11-20,sell,15.0,-13773,192822.0,205552.29259999996,1239.5700000000002,13773.0
0,upper_limit2_lower_limit-2,2008-11-21,buy,14.5,14077,204116.5,200808.34359999996,1224.699,0.0
0,upper_limit2_lower_limit-2,2008-11-25,sell,14.75,-14077,204116.5,206601.02909999996,1245.8145,3519.25
0,upper_limit2_lower_limit-2,2008-12-04,buy,14.5,14149,205160.5,205370.06609999997,1230.9630000000002,0.0
0,upper_limit2_lower_limit-2,2008-12-09,sell,15.0,-14149,205160.5,211171.15609999996,1273.41,7074.5
0,upper_limit2_lower_limit-2,2008-12-15,buy,15.0,13980,209700.0,206417.95609999995,1258.1999999999998,0.0
0,upper_limit2_lower_limit-2,2008-12-17,buy,14.5,14,203.0,209918.73809999996,1.218,0.0
0,upper_limit2_lower_limit-2,2008-12-18,sell,15.0,-13994,209903.0,208659.27809999997,1259.46,6.999999999995428
0,upper_limit2_lower_limit-2,2008-12-19,buy,14.5,14290,207205.0,193126.04809999996,1243.23,0.0
0,upper_limit2_lower_limit-2,2008-12-22,buy,13.5,15,202.5,185972.33309999996,1.2149999999999999,0.0
0,upper_limit2_lower_limit-2,2009-01-07,sell,13.25,-14305,207407.5,188411.33559999996,1137.2475,-17866.250000000004
0,upper_limit2_lower_limit-2,2009-01-09,buy,14.25,13129,187088.25,177442.05609999996,1122.5295,0.0
0,upper_limit2_lower_limit-2,2009-01-12,buy,13.5,14,189.0,184012.42209999997,1.1340000000000001,0.0
0,upper_limit2_lower_limit-2,2009-01-13,sell,14.0,-13143,187277.25,182908.41009999998,1104.0120000000002,-3275.2500000000005
0,upper_limit2_lower_limit-2,2009-01-14,buy,13.75,13209,181623.75,185120.9176,1089.7425,0.0
0,upper_limit2_lower_limit-2,2009-01-20,buy,13.5,14,189.0,181821.03359999997,1.1340000000000001,0.0
0,upper_limit2_lower_limit-2,2009-02-06,sell,11.75,-13223,181812.75,154442.81209999995,932.2215000000001,-26442.499999999996
0,upper_limit2_lower_limit-2,2009-02-11,buy,11.25,13632,153360.0,150114.65209999995,920.16,0.0
0,upper_limit2_lower_limit-2,2009-02-12,buy,11.0,14,154.0,153525.22809999995,0.924,0.0
0,upper_limit2_lower_limit-2,2009-03-05,sell,11.5,-13646,153514.0,155995.15409999996,941.5740000000001,3415.0000000000086
0,upper_limit2_lower_limit-2,2009-03-09,buy,11.0,14082,154902.0,148024.74209999994,929.412,0.0
0,upper_limit2_lower_limit-2,2009-03-10,buy,10.5,15,157.5,148023.79709999997,0.945,0.0
0,upper_limit2_lower_limit-2,2009-03-20,sell,10.5,-14097,155059.5,147135.68609999996,888.1110000000001,-7041.000000000003
0,upper_limit2_lower_limit-2,2009-03-23,buy,10.25,14254,146103.5,149822.56509999995,876.621,0.0
0,upper_limit2_lower_limit-2,2009-03-25,sell,11.0,-14254,146103.5,156008.80109999995,940.764,10690.5
0,upper_limit2_lower_limit-2,2009-03-31,buy,13.0,11917,154921.0,143162.27509999994,929.526,0.0
0,upper_limit2_lower_limit-2,2009-04-01,buy,12.0,13,156.0,146143.83909999995,0.9359999999999999,0.0
0,upper_limit2_lower_limit-2,2009-04-03,sell,12.75,-11930,155077.0,151196.19409999996,912.645,-2969.50000000001
0,upper_limit2_lower_limit-2,2009-04-15,buy,13.0,11549,150137.0,147408.12209999998,900.822,0.0
0,upper_limit2_lower_limit-2,2009-04-16,buy,12.75,12,153.0,153187.70409999997,0.9180000000000001,0.0
0,upper_limit2_lower_limit-2,2009-04-17,sell,13.25,-11561,150290.0,152268.60459999996,919.0995,2893.249999999993
0,upper_limit2_lower_limit-2,2009-04-20,buy,13.0,11631,151203.0,154269.13659999997,907.2180000000001,0.0
0,upper_limit2_lower_limit-2,2009-04-22,buy,12.75,12,153.0,148452.71859999996,0.9180000000000001,0.0
0,upper_limit2_lower_limit-2,2009-05-04,sell,12.75,-11643,151356.0,147562.02909999996,890.6895000000001,-2907.750000000001
0,upper_limit2_lower_limit-2,2009-05-15,buy,16.0,9158,146528.0,146682.86109999995,879.168,0.0
0,upper_limit2_lower_limit-2,2009-05-19,buy,15.25,10,152.5,146689.44609999994,0.9149999999999999,0.0
0,upper_limit2_lower_limit-2,2009-05-20,sell,16.0,-9168,146680.5,145809.31809999995,880.128,7.499999999998465
0,upper_limit2_lower_limit-2,2009-05-25,buy,15.25,9494,144783.5,149687.61709999994,868.701,0.0
0,upper_limit2_lower_limit-2,2009-05-26,sell,15.75,-9494,144783.5,148790.43409999995,897.183,4747.0
0,upper_limit2_lower_limit-2,2009-05-27,buy,15.0,9850,147750.0,150366.43409999995,886.5,0.0
0,upper_limit2_lower_limit-2,2009-05-29,buy,15.25,10,152.5,147900.51909999995,0.9149999999999999,0.0
0,upper_limit2_lower_limit-2,2009-06-02,sell,16.75,-9860,147902.5,164164.58909999995,990.9300000000001,17252.5
0,upper_limit2_lower_limit-2,2009-06-04,buy,16.25,10032,163020.0,165694.46909999996,978.12,0.0
0,upper_limit2_lower_limit-2,2009-06-11,sell,17.25,-10032,163020.0,172180.15709999995,1038.312,10032.0
0,upper_limit2_lower_limit-2,2009-06-16,buy,16.25,10521,170966.25,168524.10959999997,1025.7975000000001,0.0
0,upper_limit2_lower_limit-2,2009-06-17,buy,16.0,11,176.0,165890.05359999996,1.056,0.0
0,upper_limit2_lower_limit-2,2009-06-25,sell,15.75,-10532,171142.25,164894.77959999995,995.274,-5263.249999999987
0,upper_limit2_lower_limit-2,2009-07-06,buy,15.5,10564,163742.0,161271.32759999996,982.452,0.0
0,upper_limit2_lower_limit-2,2009-07-07,buy,15.25,11,167.75,161270.32109999994,1.0065,0.0
0,upper_limit2_lower_limit-2,2009-07-15,sell,15.75,-10575,163909.75,165558.48359999995,999.3375000000001,2646.5000000000073
0,upper_limit2_lower_limit-2,2009-08-07,buy,19.5,8431,164404.5,160356.55659999995,986.427,0.0
0,upper_limit2_lower_limit-2,2009-08-10,buy,19.0,8,152.0,160355.64459999994,0.912,0.0
0,upper_limit2_lower_limit-2,2009-08-17,sell,20.5,-8439,164556.5,171976.14759999994,1037.997,8442.999999999998
0,upper_limit2_lower_limit-2,2009-08-18,buy,19.25,8871,170766.75,170951.54709999994,1024.6005,0.0
0,upper_limit2_lower_limit-2,2009-08-25,sell,20.0,-8871,170766.75,176540.27709999995,1064.52,6653.25
0,upper_limit2_lower_limit-2,2009-09-02,buy,21.0,8348,175308.0,169227.42909999995,1051.848,0.0
0,upper_limit2_lower_limit-2,2009-09-03,buy,20.25,8,162.0,171315.45709999994,0.972,0.0
0,upper_limit2_lower_limit-2,2009-09-11,sell,22.25,-8356,175470.0,184822.93109999993,1115.526,10450.999999999985
0,upper_limit2_lower_limit-2,2009-09-16,buy,22.0,8342,183524.0,183721.78709999993,1101.144,0.0
0,upper_limit2_lower_limit-2,2009-09-29,buy,21.75,9,195.75,183722.86259999993,1.1744999999999999,0.0
0,upper_limit2_lower_limit-2,2009-11-11,sell,21.0,-8351,183719.75,174319.63659999994,1052.226,-8348.750000000004
0,upper_limit2_lower_limit-2,2009-11-16,buy,21.5,8051,173096.5,171268.30759999994,1038.5790000000002,0.0
0,upper_limit2_lower_limit-2,2009-11-18,sell,22.0,-8051,173096.5,176243.82559999995,1062.7320000000002,4025.5
0,upper_limit2_lower_limit-2,2009-12-10,buy,22.75,7693,175015.75,177116.98109999995,1050.0945,0.0
0,upper_limit2_lower_limit-2,2009-12-15,buy,22.75,7,159.25,177117.77559999996,0.9555,0.0
0,upper_limit2_lower_limit-2,2010-01-21,sell,22.25,-7700,175175.0,170314.82559999995,1027.95,-3850.0
0,upper_limit2_lower_limit-2,2010-01-28,buy,21.0,8053,169113.0,167286.89759999994,1014.678,0.0
0,upper_limit2_lower_limit-2,2010-01-29,buy,20.75,8,166.0,167285.90159999995,0.996,0.0
0,upper_limit2_lower_limit-2,2010-02-03,buy,20.0,1,20.0,163255.53159999996,0.12,0.0
0,upper_limit2_lower_limit-2,2010-02-05,sell,21.25,-8062,169299.0,170289.62659999996,1027.905,2018.4999999999998
0,upper_limit2_lower_limit-2,2010-02-08,buy,20.5,8249,169104.5,171337.24959999995,1014.627,0.0
0,upper_limit2_lower_limit-2,2010-02-10,buy,19.75,8,158.0,167215.80159999995,0.9480000000000001,0.0
0,upper_limit2_lower_limit-2,2010-03-19,sell,22.25,-8257,169262.5,182627.49209999994,1102.3095,14455.74999999999
0,upper_limit2_lower_limit-2,2010-03-26,buy,23.0,7885,181355.0,181539.36209999994,1088.13,0.0
0,upper_limit2_lower_limit-2,2010-04-07,sell,24.5,-7885,181355.0,192207.76709999994,1159.095,11827.5
0,upper_limit2_lower_limit-2,2010-04-19,buy,26.5,7202,190853.0,187461.64909999995,1145.1180000000002,0.0
0,upper_limit2_lower_limit-2,2010-04-21,buy,24.5,8,196.0,194682.47309999994,1.176,0.0
0,upper_limit2_lower_limit-2,2010-04-22,sell,27.0,-7210,191049.0,193514.45309999996,1168.02,3620.9999999999895
0,upper_limit2_lower_limit-2,2010-05-04,buy,28.5,6742,192147.0,188990.57109999994,1152.882,0.0
0,upper_limit2_lower_limit-2,2010-05-06,buy,25.5,8,204.0,175509.34709999996,1.224,0.0
0,upper_limit2_lower_limit-2,2010-05-12,sell,28.5,-6750,192351.0,191230.09709999996,1154.25,23.999999999989363
0,upper_limit2_lower_limit-2,2010-05-19,buy,27.0,7033,189891.0,183057.75109999996,1139.346,0.0
0,upper_limit2_lower_limit-2,2010-05-20,buy,26.0,7,182.0,190096.65909999996,1.092,0.0
0,upper_limit2_lower_limit-2,2010-05-21,sell,27.0,-7040,190073.0,188956.17909999995,1140.48,6.9999999999936335
0,upper_limit2_lower_limit-2,2010-05-24,buy,26.5,7080,187620.0,191370.45909999995,1125.72,0.0
0,upper_limit2_lower_limit-2,2010-05-26,buy,26.0,8,208.0,184289.21109999996,1.248,0.0
0,upper_limit2_lower_limit-2,2010-05-31,sell,28.0,-7088,187828.0,197274.42709999994,1190.7839999999999,10636.00000000001
0,upper_limit2_lower_limit-2,2010-06-03,buy,27.5,7123,195882.5,199660.63209999993,1175.295,0.0
0,upper_limit2_lower_limit-2,2010-06-08,buy,26.0,8,208.0,192544.38409999994,1.248,0.0
0,upper_limit2_lower_limit-2,2010-06-09,sell,27.0,-7131,196090.5,191389.16209999993,1155.222,-3553.5000000000036
0,upper_limit2_lower_limit-2,2010-06-23,buy,32.0,5939,190048.0,184309.87409999993,1140.288,0.0
0,upper_limit2_lower_limit-2,2010-06-28,sell,31.5,-5939,190048.0,186156.90309999994,1122.471,-2969.5
0,upper_limit2_lower_limit-2,2010-07-05,buy,30.5,6061,184860.5,182017.24009999994,1109.163,0.0
0,upper_limit2_lower_limit-2,2010-07-07,sell,31.0,-6061,184860.5,186950.89409999995,1127.346,3030.5
0,upper_limit2_lower_limit-2,2010-07-19,buy,32.0,5801,185632.0,185837.10209999996,1113.792,0.0
0,upper_limit2_lower_limit-2,2010-07-30,buy,31.55,6,189.3,183225.51629999996,1.1358000000000001,0.0
0,upper_limit2_lower_limit-2,2010-08-19,sell,33.1,-5807,185821.3,191073.09609999997,1153.2702,6390.400000000027
0,upper_limit2_lower_limit-2,2010-08-25,buy,33.0,5749,189717.0,187922.64409999998,1138.302,0.0
0,upper_limit2_lower_limit-2,2010-09-01,buy,32.0,6,192.0,186486.64209999997,1.1520000000000001,0.0
0,upper_limit2_lower_limit-2,2010-09-03,sell,33.4,-5755,189908.99999999997,191088.34009999994,1153.302,2308.0000000000073
0,upper_limit2_lower_limit-2,2010-09-08,buy,35.2,5390,189728.00000000003,191566.97209999993,1138.3680000000002,0.0
0,upper_limit2_lower_limit-2,2010-09-13,sell,36.8,-5390,189728.00000000003,197383.86009999993,1190.112,8623.999999999969
0,upper_limit2_lower_limit-2,2010-09-23,buy,37.8,5185,195992.99999999997,199059.65209999995,1175.9579999999999,0.0
0,upper_limit2_lower_limit-2,2010-10-04,sell,40.55,-5185,195992.99999999997,209205.14159999992,1261.5104999999999,14258.75
0,upper_limit2_lower_limit-2,2010-10-05,buy,39.95,5200,207740.00000000003,201978.70159999985,1246.44,0.0
0,upper_limit2_lower_limit-2,2010-10-06,buy,38.8,5,194.0,201196.7875999999,1.164,0.0
0,upper_limit2_lower_limit-2,2010-10-08,sell,39.9,-5205,207934.00000000003,206456.9605999999,1246.077,-254.50000000002507
0,upper_limit2_lower_limit-2,2010-10-20,buy,39.9,5138,205006.19999999998,206511.4233999999,1230.0372,0.0
0,upper_limit2_lower_limit-2,2010-11-03,sell,45.85,-5138,205006.19999999998,234384.55959999992,1413.4638,30571.100000000013
0,upper_limit2_lower_limit-2,2010-11-09,buy,43.5,5350,232725.0,228975.70959999991,1396.3500000000001,0.0
0,upper_limit2_lower_limit-2,2010-11-10,buy,42.75,6,256.5,224689.37059999994,1.5390000000000001,0.0
0,upper_limit2_lower_limit-2,2010-11-22,sell,41.4,-5356,232981.5,220413.1401999999,1330.4304,-11243.100000000002
0,upper_limit2_lower_limit-2,2010-11-25,buy,40.1,5458,218865.80000000002,218008.34539999987,1313.1948,0.0
0,upper_limit2_lower_limit-2,2010-11-30,buy,39.1,5,195.5,225386.22239999988,1.173,0.0
0,upper_limit2_lower_limit-2,2010-12-01,sell,41.25,-5463,219061.30000000002,224034.12989999988,1352.0925,6287.449999999979
0,upper_limit2_lower_limit-2,2010-12-02,buy,40.2,5534,222466.80000000002,231000.3290999999,1334.8008000000002,0.0
0,upper_limit2_lower_limit-2,2010-12-03,sell,41.7,-5534,222466.80000000002,229615.72229999988,1384.6068,8301.0
0,upper_limit2_lower_limit-2,2010-12-10,buy,42.0,5429,228018.0,227976.1642999999,1368.108,0.0
0,upper_limit2_lower_limit-2,2010-12-14,sell,42.95,-5429,228018.0,232006.1109999999,1399.0533,5157.550000000016
0,upper_limit2_lower_limit-2,2010-12-16,buy,43.75,5266,230387.5,224041.28599999988,1382.325,0.0
0,upper_limit2_lower_limit-2,2010-12-17,buy,42.5,5,212.5,224040.01099999988,1.275,0.0
0,upper_limit2_lower_limit-2,2010-12-28,sell,44.4,-5271,230600.0,232650.71659999984,1404.1944,3432.399999999978
0,upper_limit2_lower_limit-2,2010-12-30,buy,43.3,5335,231005.49999999997,240334.18359999987,1386.033,0.0
0,upper_limit2_lower_limit-2,2011-01-03,sell,45.0,-5335,231005.49999999997,238893.73359999986,1440.4499999999998,9069.500000000015
0,upper_limit2_lower_limit-2,2011-01-12,buy,42.9,5529,237194.1,238023.46899999987,1423.1645999999998,0.0
0,upper_limit2_lower_limit-2,2011-01-17,sell,45.0,-5529,237194.1,247588.63899999988,1492.83,11610.900000000009
0,upper_limit2_lower_limit-2,2011-01-20,buy,44.0,5587,245828.0,235219.02099999986,1474.9679999999998,0.0
0,upper_limit2_lower_limit-2,2011-01-21,buy,42.05,6,252.29999999999998,234937.85719999988,1.5138,0.0
0,upper_limit2_lower_limit-2,2011-02-16,sell,42.0,-5593,246080.3,233528.4211999999,1409.436,-11174.299999999996
0,upper_limit2_lower_limit-2,2011-02-23,buy,41.2,5628,231873.6,225383.57959999988,1391.2416,0.0
0,upper_limit2_lower_limit-2,2011-02-24,buy,40.0,6,240.0,223128.53959999987,1.4400000000000002,0.0
0,upper_limit2_lower_limit-2,2011-03-02,sell,38.85,-5634,232113.6,217589.7541999999,1313.2854000000002,-13232.699999999992
0,upper_limit2_lower_limit-2,2011-03-18,buy,40.5,5335,216067.5,218694.09919999994,1296.405,0.0
0,upper_limit2_lower_limit-2,2011-03-22,buy,40.15,5,200.75,218963.89469999992,1.2045,0.0
0,upper_limit2_lower_limit-2,2011-04-05,sell,43.4,-5340,216268.24999999997,230389.3586999999,1390.5359999999998,15487.750000000011
0,upper_limit2_lower_limit-2,2011-04-20,buy,50.5,4530,228765.0,226751.7686999999,1372.59,0.0
0,upper_limit2_lower_limit-2,2011-05-06,buy,47.5,5,237.5,217692.84369999988,1.425,0.0
0,upper_limit2_lower_limit-2,2011-05-11,sell,49.75,-4535,229002.5,224275.39619999987,1353.6975,-3386.2500000000105
0,upper_limit2_lower_limit-2,2011-05-13,buy,49.1,4535,222668.5,224753.38519999987,1336.011,0.0
0,upper_limit2_lower_limit-2,2011-05-18,sell,56.4,-4535,222668.5,254510.24119999987,1534.644,33105.499999999985
0,upper_limit2_lower_limit-2,2011-05-19,buy,50.65,4989,252692.85,249751.23409999986,1516.1571,0.0
0,upper_limit2_lower_limit-2,2011-05-25,buy,49.85,6,299.1,244255.83949999986,1.7946000000000002,0.0
0,upper_limit2_lower_limit-2,2011-05-31,sell,52.2,-4995,252991.95,259174.90549999988,1564.434,7747.050000000016
0,upper_limit2_lower_limit-2,2011-06-01,buy,50.1,5137,257363.7,269188.9732999999,1544.1822,0.0
0,upper_limit2_lower_limit-2,2011-06-02,sell,52.35,-5137,257363.7,267575.4415999999,1613.5317,11558.25
0,upper_limit2_lower_limit-2,2011-06-08,buy,51.0,5210,265710.0,266502.1815999999,1594.26,0.0
0,upper_limit2_lower_limit-2,2011-06-10,buy,50.3,5,251.5,262332.67259999993,1.509,0.0
0,upper_limit2_lower_limit-2,2011-07-05,sell,53.4,-5215,265961.5,276828.28659999993,1670.886,12519.49999999998
0,upper_limit2_lower_limit-2,2011-07-25,buy,55.45,4957,274865.65,270469.9426999999,1649.1939000000002,0.0
0,upper_limit2_lower_limit-2,2011-07-29,buy,53.6,5,268.0,270472.8346999999,1.6079999999999999,0.0
0,upper_limit2_lower_limit-2,2011-08-02,sell,56.0,-4962,275133.65,276248.6026999999,1667.2320000000002,2738.349999999962
0,upper_limit2_lower_limit-2,2011-08-08,buy,53.599999999999994,5118,274324.8,271275.9538999999,1645.9488000000001,0.0
0,upper_limit2_lower_limit-2,2011-08-10,buy,49.95,5,249.75,262836.5053999998,1.4985,0.0
0,upper_limit2_lower_limit-2,2011-08-16,sell,53.900000000000006,-5123,274574.55,274499.5271999999,1656.7782,1555.1500000000135
0,upper_limit2_lower_limit-2,2011-08-18,buy,53.75,5071,272566.25,269060.8796999999,1635.3975,0.0
0,upper_limit2_lower_limit-2,2011-08-22,buy,51.8,5,259.0,256375.3256999999,1.5539999999999998,0.0
0,upper_limit2_lower_limit-2,2011-09-02,sell,52.10000000000001,-5076,272825.25,262910.16809999984,1586.7576,-8365.650000000003
0,upper_limit2_lower_limit-2,2011-09-07,buy,50.15,5206,261080.9,264467.28269999987,1566.4854,0.0
0,upper_limit2_lower_limit-2,2011-09-09,sell,52.0,-5206,261080.9,269350.51069999987,1624.272,9631.100000000008
0,upper_limit2_lower_limit-2,2011-09-13,buy,51.0,5244,267444.0,267221.44669999985,1604.6640000000002,0.0
0,upper_limit2_lower_limit-2,2011-09-23,buy,50.1,5,250.5,257250.84369999988,1.503,0.0
0,upper_limit2_lower_limit-2,2011-09-26,buy,49.0,1,49.0,239925.54969999986,0.294,0.0
0,upper_limit2_lower_limit-2,2011-10-03,sell,46.8,-5250,267743.5,244226.34969999982,1474.1999999999998,-22043.500000000022
0,upper_limit2_lower_limit-2,2011-11-03,buy,54.15,4478,242483.69999999998,237621.74749999982,1454.9022,0.0
0,upper_limit2_lower_limit-2,2011-11-04,buy,53.0,5,265.0,244344.65749999983,1.5899999999999999,0.0
0,upper_limit2_lower_limit-2,2011-11-08,sell,54.5,-4483,242748.69999999995,242878.71649999983,1465.941,1574.8000000000322
0,upper_limit2_lower_limit-2,2011-11-16,buy,54.3,4441,241146.3,253200.48869999987,1446.8778,0.0
0,upper_limit2_lower_limit-2,2011-11-17,sell,56.95,-4441,241146.3,251682.99899999987,1517.4897,11768.650000000025
0,upper_limit2_lower_limit-2,2011-11-23,buy,58.2,4294,249910.80000000002,248895.33419999987,1499.4648,0.0
0,upper_limit2_lower_limit-2,2011-12-01,buy,54.0,5,270.0,235156.41419999985,1.6199999999999999,0.0
0,upper_limit2_lower_limit-2,2012-01-11,sell,56.8,-4299,250180.80000000002,242719.21499999985,1465.0991999999999,-5997.600000000018
0,upper_limit2_lower_limit-2,2012-02-24,buy,58.0,4155,240990.0,241273.27499999985,1445.94,0.0
0,upper_limit2_lower_limit-2,2012-02-28,buy,56.0,5,280.0,235873.59499999986,1.68,0.0
0,upper_limit2_lower_limit-2,2012-03-01,sell,59.0,-4160,241270.0,243968.95499999984,1472.64,4170.000000000002
0,upper_limit2_lower_limit-2,2012-03-12,buy,57.5,4213,242247.5,242515.46999999986,1453.4850000000001,0.0
0,upper_limit2_lower_limit-2,2012-03-16,sell,60.6,-4213,242247.5,254043.92319999987,1531.8468000000003,13060.300000000007
0,upper_limit2_lower_limit-2,2012-04-30,buy,67.5,3737,252247.5,254398.9381999999,1513.4850000000001,0.0
0,upper_limit2_lower_limit-2,2012-05-07,sell,74.0,-3737,252247.5,275161.71019999986,1659.228,24290.5
0,upper_limit2_lower_limit-2,2012-05-16,buy,70.5,3875,273187.5,264416.33519999986,1639.125,0.0
0,upper_limit2_lower_limit-2,2012-05-17,buy,68.15,4,272.6,275469.84959999984,1.6356000000000002,0.0
0,upper_limit2_lower_limit-2,2012-05-18,sell,71.0,-3879,273460.1,273817.3955999998,1652.4540000000002,1948.8999999999965
0,upper_limit2_lower_limit-2,2012-05-21,buy,69.7,3901,271899.7,271795.8973999998,1631.3982,0.0
0,upper_limit2_lower_limit-2,2012-05-25,buy,68.45,4,273.8,265746.1045999998,1.6428,0.0
0,upper_limit2_lower_limit-2,2012-05-31,sell,71.0,-3905,272173.5,275602.32459999976,1663.53,5081.500000000025
0,upper_limit2_lower_limit-2,2012-06-04,buy,70.5,3882,273681.0,264449.3385999997,1642.086,0.0
0,upper_limit2_lower_limit-2,2012-06-05,buy,68.05,4,272.2,267167.90539999976,1.6332,0.0
0,upper_limit2_lower_limit-2,2012-06-13,sell,73.9,-3886,273953.2,285457.7529999998,1723.0524,13222.200000000003
0,upper_limit2_lower_limit-2,2012-06-15,buy,72.0,3937,283464.0,268008.9689999998,1700.784,0.0
0,upper_limit2_lower_limit-2,2012-06-18,buy,68.0,4,272.0,285741.83699999977,1.6320000000000001,0.0
0,upper_limit2_lower_limit-2,2012-06-19,sell,72.5,-3941,283736.0,284027.50199999975,1714.335,1986.5000000000116
0,upper_limit2_lower_limit-2,2012-06-25,buy,72.1,3911,281983.1,279989.00339999975,1691.8986,0.0
0,upper_limit2_lower_limit-2,2012-06-28,sell,74.0,-3911,281983.1,288030.01939999976,1736.4840000000002,7430.900000000022
0,upper_limit2_lower_limit-2,2012-07-10,buy,71.05,4025,285976.25,286314.1618999998,1715.8575,0.0
0,upper_limit2_lower_limit-2,2012-07-13,buy,71.15,4,284.6,285506.25429999974,1.7076000000000002,0.0
0,upper_limit2_lower_limit-2,2012-07-30,sell,72.0,-4029,286260.85,288399.0762999998,1740.528,3827.1500000000487
0,upper_limit2_lower_limit-2,2012-08-02,buy,71.2,4022,286366.4,289898.47789999977,1718.1984000000002,0.0
0,upper_limit2_lower_limit-2,2012-08-17,buy,68.0,4,272.0,273204.94589999976,1.6320000000000001,0.0
0,upper_limit2_lower_limit-2,2012-10-29,sell,71.0,-4026,286638.4,284171.7698999998,1715.076,-792.4000000000203
0,upper_limit2_lower_limit-2,2012-11-13,buy,69.0,4089,282141.0,286159.0238999998,1692.846,0.0
0,upper_limit2_lower_limit-2,2012-12-20,sell,72.1,-4089,282141.0,293385.92249999975,1768.9013999999997,12675.899999999976
0,upper_limit2_lower_limit-2,2013-01-17,buy,75.3,3869,291335.7,292411.70829999977,1748.0142,0.0
0,upper_limit2_lower_limit-2,2013-02-07,buy,76.0,3,228.0,298216.84029999975,1.368,0.0
0,upper_limit2_lower_limit-2,2013-02-20,sell,84.9,-3872,291563.7,326833.2434999998,1972.3968,37169.10000000001
0,upper_limit2_lower_limit-2,2013-02-27,buy,80.5,4031,324495.5,322870.7704999998,1946.973,0.0
0,upper_limit2_lower_limit-2,2013-03-01,sell,82.0,-4031,324495.5,328949.51849999983,1983.252,6046.5
0,upper_limit2_lower_limit-2,2013-03-14,buy,86.2,3789,326611.8,331157.74769999983,1959.6708000000003,0.0
0,upper_limit2_lower_limit-2,2013-03-22,sell,87.3,-3789,326611.8,329173.06949999975,1984.6782,4167.899999999979
0,upper_limit2_lower_limit-2,2013-04-10,buy,91.1,3588,326866.8,333132.06869999977,1961.2007999999998,0.0
0,upper_limit2_lower_limit-2,2013-04-16,buy,91.05,3,273.15,321105.6797999998,1.6389000000000002,0.0
0,upper_limit2_lower_limit-2,2013-05-08,sell,94.9,-3591,327139.95,338811.4643999998,2044.7154,13645.949999999988
0,upper_limit2_lower_limit-2,2013-05-16,buy,93.9,3583,336443.7,329985.1021999998,2018.6622000000002,0.0
0,upper_limit2_lower_limit-2,2013-05-23,sell,95.0,-3583,336443.7,338691.7921999998,2042.3100000000002,3941.2999999999797
0,upper_limit2_lower_limit-2,2013-05-31,buy,87.0,3865,336255.0,360057.51219999976,2017.5300000000002,0.0
0,upper_limit2_lower_limit-2,2013-06-03,sell,93.05,-3865,336255.0,357899.6826999998,2157.8295000000003,23383.24999999999
0,upper_limit2_lower_limit-2,2013-06-04,buy,89.0,3993,355377.0,349777.9206999998,2132.262,0.0
0,upper_limit2_lower_limit-2,2013-06-07,buy,85.0,4,340.0,341791.88069999975,2.04,0.0
0,upper_limit2_lower_limit-2,2013-06-11,sell,88.9,-3997,355717.0,353249.6808999998,2131.9998,-383.69999999996026
0,upper_limit2_lower_limit-2,2013-06-13,buy,86.0,4078,350708.0,322599.4328999998,2104.248,0.0
0,upper_limit2_lower_limit-2,2013-06-14,buy,79.0,5,395.0,338929.0628999998,2.37,0.0
0,upper_limit2_lower_limit-2,2013-06-17,sell,83.0,-4083,351103.0,336895.7288999998,2033.334,-12213.999999999998
0,upper_limit2_lower_limit-2,2013-06-21,buy,83.5,4006,334501.0,335689.92289999983,2007.006,0.0
0,upper_limit2_lower_limit-2,2013-06-26,buy,77.8,4,311.2,324082.6556999998,1.8672,0.0
0,upper_limit2_lower_limit-2,2013-06-27,sell,80.8,-4010,334812.2,322138.6076999998,1944.048,-10804.200000000015
0,upper_limit2_lower_limit-2,2013-08-23,buy,92.45,3460,319877.0,321257.34569999983,1919.2620000000002,0.0
0,upper_limit2_lower_limit-2,2013-08-28,buy,89.7,3,269.1,299621.1310999998,1.6146000000000003,0.0
0,upper_limit2_lower_limit-2,2013-08-30,sell,92.0,-3463,320146.1,316756.0550999998,1911.5759999999998,-1550.099999999985
0,upper_limit2_lower_limit-2,2013-09-03,buy,90.0,3495,314550.0,325004.25509999983,1887.3,0.0
0,upper_limit2_lower_limit-2,2013-09-04,sell,92.9,-3495,314550.0,323056.1420999998,1948.113,10135.50000000002
0,upper_limit2_lower_limit-2,2013-09-23,buy,93.0,3449,320757.0,357001.20009999984,1924.542,0.0
0,upper_limit2_lower_limit-2,2013-09-24,sell,103.4,-3449,320757.0,354861.44049999985,2139.7596,35869.60000000002
0,upper_limit2_lower_limit-2,2013-09-30,buy,97.35,3619,352309.64999999997,351480.9325999999,2113.8579,0.0
0,upper_limit2_lower_limit-2,2013-10-02,sell,99.4,-3619,352309.64999999997,358008.16099999985,2158.3716000000004,7418.950000000041
0,upper_limit2_lower_limit-2,2013-10-29,buy,101.6,3499,355498.39999999997,355875.17059999984,2132.9903999999997,0.0
0,upper_limit2_lower_limit-2,2013-11-12,buy,101.5,3,304.5,373383.64359999984,1.8270000000000002,0.0
0,upper_limit2_lower_limit-2,2013-11-13,sell,106.59999999999998,-3502,355802.89999999997,371143.7643999998,2239.8792,17510.30000000001
0,upper_limit2_lower_limit-2,2013-11-20,buy,103.0,3578,368534.0,361776.5603999998,2211.204,0.0
0,upper_limit2_lower_limit-2,2013-11-22,buy,98.5,4,394.0,358202.1963999998,2.364,0.0
0,upper_limit2_lower_limit-2,2013-12-02,sell,101.90000000000002,-3582,368928.0,362817.96159999975,2190.0348000000004,-3922.1999999999925
0,upper_limit2_lower_limit-2,2014-01-10,buy,97.0,3714,360258.0,368084.41359999974,2161.548,0.0
0,upper_limit2_lower_limit-2,2014-01-23,sell,100.5,-3714,360258.0,371415.8715999997,2239.542,12999.0
0,upper_limit2_lower_limit-2,2014-02-14,buy,98.0,3763,368774.0,369015.0775999998,2212.644,0.0
0,upper_limit2_lower_limit-2,2014-03-31,sell,108.0,-3763,368774.0,404394.80359999975,2438.424,37630.0
0,upper_limit2_lower_limit-2,2014-04-07,buy,107.8,3725,401555.0,410180.47359999974,2409.33,0.0
0,upper_limit2_lower_limit-2,2014-04-08,sell,110.0,-3725,401555.0,407721.97359999974,2458.5,8195.000000000011
0,upper_limit2_lower_limit-2,2014-05-30,buy,109.3,3704,404847.2,400477.69039999973,2429.0832,0.0
0,upper_limit2_lower_limit-2,2014-06-03,sell,110.1,-3704,404847.2,405809.22799999977,2446.8624,2963.1999999999894
0,upper_limit2_lower_limit-2,2014-07-02,buy,108.1,3727,402888.69999999995,413827.49579999986,2417.3322000000003,0.0
0,upper_limit2_lower_limit-2,2014-07-03,sell,110.9,-3727,402888.69999999995,411347.5499999998,2479.9458000000004,10435.600000000042
0,upper_limit2_lower_limit-2,2014-08-06,buy,110.7,3690,408483.0,416276.6519999998,2450.898,0.0
0,upper_limit2_lower_limit-2,2014-08-07,sell,112.7,-3690,408483.0,413781.4739999998,2495.1780000000003,7380.0
0,upper_limit2_lower_limit-2,2015-02-27,buy,110.8,3708,410846.39999999997,416136.79559999984,2465.0784,0.0
0,upper_limit2_lower_limit-2,2015-03-03,sell,114.0,-3708,410846.39999999997,420645.72359999985,2536.272,11865.600000000011
0,upper_limit2_lower_limit-2,2015-06-26,buy,110.7,3773,417671.10000000003,419271.59699999983,2506.0266,0.0
0,upper_limit2_lower_limit-2,2015-07-02,sell,113.0,-3773,417671.10000000003,424259.50299999985,2558.094,8677.899999999989
0,upper_limit2_lower_limit-2,2015-08-14,buy,103.6,4066,421237.6,422138.67739999987,2527.4256,0.0
0,upper_limit2_lower_limit-2,2015-08-19,buy,102.0,4,408.0,417666.0293999999,2.448,0.0
0,upper_limit2_lower_limit-2,2015-09-04,sell,92.0,-4070,421645.6,372277.38939999987,2246.6400000000003,-47205.59999999998
0,upper_limit2_lower_limit-2,2015-09-08,buy,89.0,4153,369617.0,366114.33739999984,2217.7019999999998,0.0
0,upper_limit2_lower_limit-2,2015-09-21,buy,84.9,5,424.5,359266.84039999987,2.547,0.0
0,upper_limit2_lower_limit-2,2015-10-07,sell,77.75,-4158,370041.5,321360.43339999986,1939.707,-46756.999999999985
0,upper_limit2_lower_limit-2,2015-10-15,buy,77.0,4144,319088.0,322346.70539999986,1914.528,0.0
0,upper_limit2_lower_limit-2,2015-10-26,sell,81.3,-4144,319088.0,335243.6621999999,2021.4432,17819.19999999999
0,upper_limit2_lower_limit-2,2015-11-02,buy,82.5,4035,332887.5,329211.3371999999,1997.325,0.0
0,upper_limit2_lower_limit-2,2015-11-04,buy,75.9,4,303.6,294900.4155999999,1.8216,0.0
0,upper_limit2_lower_limit-2,2015-11-13,sell,69.7,-4039,333191.1,279882.60579999996,1689.1098000000002,-51672.799999999945
0,upper_limit2_lower_limit-2,2015-11-16,buy,68.25,4072,277914.0,272921.5218,1667.4840000000002,0.0
0,upper_limit2_lower_limit-2,2015-11-17,buy,66.95,4,267.8,273938.915,1.6068,0.0
0,upper_limit2_lower_limit-2,2015-11-23,sell,71.0,-4076,278181.8,287691.339,1736.376,11214.20000000001
0,upper_limit2_lower_limit-2,2015-12-04,buy,73.25,3900,285675.0,280712.289,1714.0500000000002,0.0
0,upper_limit2_lower_limit-2,2015-12-07,buy,71.9,4,287.6,281100.96339999995,1.7256000000000002,0.0
0,upper_limit2_lower_limit-2,2016-01-25,sell,58.0,-3904,285962.6,225086.37139999997,1358.5919999999999,-59530.59999999996
0,upper_limit2_lower_limit-2,2016-01-27,buy,58.4,3827,223496.8,228337.7906,1340.9808,0.0
0,upper_limit2_lower_limit-2,2016-02-03,buy,56.85,4,227.4,214555.82619999998,1.3644,0.0
0,upper_limit2_lower_limit-2,2016-02-09,sell,58.7,-3831,223724.19999999998,223550.248,1349.2782000000002,1155.500000000025
0,upper_limit2_lower_limit-2,2016-02-10,buy,57.8,3840,221952.0,217034.536,1331.712,0.0
0,upper_limit2_lower_limit-2,2016-02-11,buy,56.45,4,225.8,222606.9812,1.3548,0.0
0,upper_limit2_lower_limit-2,2016-02-12,sell,57.9,-3844,222177.8,221271.57559999998,1335.4056,389.7999999999953
0,upper_limit2_lower_limit-2,2016-02-15,buy,56.5,3889,219728.5,223647.7546,1318.3709999999999,0.0
0,upper_limit2_lower_limit-2,2016-02-17,sell,59.0,-3889,219728.5,228298.99859999996,1376.706,9722.5
0,upper_limit2_lower_limit-2,2016-02-18,buy,57.8,3922,226691.59999999998,231253.04899999997,1360.1496,0.0
0,upper_limit2_lower_limit-2,2016-02-24,sell,62.0,-3922,226691.59999999998,241952.26499999998,1458.984,16472.400000000012
0,upper_limit2_lower_limit-2,2016-02-26,buy,60.95,3942,240264.90000000002,244649.77559999996,1441.5894,0.0
0,upper_limit2_lower_limit-2,2016-03-03,sell,64.0,-3942,240264.90000000002,251020.04759999996,1513.728,12023.09999999999
0,upper_limit2_lower_limit-2,2016-03-07,buy,61.05,4083,249267.15,252382.54469999997,1495.6029,0.0
0,upper_limit2_lower_limit-2,2016-03-11,sell,63.85,-4083,249267.15,259392.6474,1564.1973,11432.400000000018
0,upper_limit2_lower_limit-2,2016-03-30,buy,65.65,3923,257544.95,263731.8777,1545.2697,0.0
0,upper_limit2_lower_limit-2,2016-04-06,buy,66.0,4,264.0,253328.34369999997,1.584,0.0
0,upper_limit2_lower_limit-2,2016-04-08,sell,66.4,-3927,257808.95,259225.12689999997,1564.5168,2943.8500000000013
0,upper_limit2_lower_limit-2,2016-04-21,buy,64.3,4003,257392.9,267087.8195,1544.3573999999999,0.0
0,upper_limit2_lower_limit-2,2016-04-22,sell,66.65,-4003,257392.9,265487.0198,1600.7997000000003,9407.050000000034
0,upper_limit2_lower_limit-2,2016-04-27,buy,66.45,3967,263607.15,255177.97689999998,1581.6429,0.0
0,upper_limit2_lower_limit-2,2016-04-28,buy,64.25,4,257.0,253389.48489999998,1.542,0.0
0,upper_limit2_lower_limit-2,2016-05-31,sell,60.25,-3971,263864.15,237856.9184,1435.5165,-24611.40000000002
0,upper_limit2_lower_limit-2,2016-06-01,buy,56.55,4176,236152.8,244374.4016,1416.9168,0.0
0,upper_limit2_lower_limit-2,2016-06-02,sell,58.45,-4176,236152.8,242909.87840000002,1464.5232,7934.400000000023
0,upper_limit2_lower_limit-2,2016-06-10,buy,61.3,3935,241215.5,242249.5854,1447.293,0.0
0,upper_limit2_lower_limit-2,2016-06-14,buy,60.1,4,240.4,244223.24300000002,1.4424000000000001,0.0
0,upper_limit2_lower_limit-2,2016-06-15,sell,62.0,-3939,241455.9,242757.93500000003,1465.308,2762.1000000000026
0,upper_limit2_lower_limit-2,2016-06-16,buy,60.0,4017,241020.0,241110.96500000005,1446.1200000000001,0.0
0,upper_limit2_lower_limit-2,2016-07-11,buy,62.0,4,248.0,253365.32700000002,1.488,0.0
0,upper_limit2_lower_limit-2,2016-07-22,sell,66.5,-4021,241268.0,265834.44800000003,1604.3790000000001,26128.50000000001
0,upper_limit2_lower_limit-2,2016-07-25,buy,64.1,4118,263963.8,276192.86520000006,1583.7828,0.0
0,upper_limit2_lower_limit-2,2016-07-26,sell,67.0,-4118,263963.8,274537.4292000001,1655.4360000000001,11942.200000000023
0,upper_limit2_lower_limit-2,2016-07-27,buy,65.5,4162,272611.0,274774.66320000007,1635.6660000000002,0.0
0,upper_limit2_lower_limit-2,2016-08-01,buy,64.0,4,256.0,269573.4272000001,1.536,0.0
0,upper_limit2_lower_limit-2,2016-08-11,sell,63.55,-4166,272867.0,263194.0314000001,1588.4958000000001,-8117.700000000011
0,upper_limit2_lower_limit-2,2016-10-14,buy,74.0,3531,261294.0,265510.36740000005,1567.764,0.0
0,upper_limit2_lower_limit-2,2016-10-18,sell,75.05,-3531,261294.0,263743.8081000001,1590.0093,3707.54999999999
0,upper_limit2_lower_limit-2,2016-10-27,buy,75.15,3485,261897.75000000003,270362.17160000006,1571.3865,0.0
0,upper_limit2_lower_limit-2,2016-11-03,buy,74.55,3,223.64999999999998,257812.87970000008,1.3419,0.0
0,upper_limit2_lower_limit-2,2017-07-21,sell,106.20000000000002,-3488,262121.40000000005,368252.7261000001,2222.5536,108304.19999999997
0,upper_limit2_lower_limit-2,2017-08-30,buy,103.1,3546,365592.6,372087.3705000001,2193.5555999999997,0.0
0,upper_limit2_lower_limit-2,2017-09-11,sell,106.0,-3546,365592.6,374087.3145000001,2255.256,10283.40000000002
0,upper_limit2_lower_limit-2,2017-09-26,buy,103.0,3606,371418.0,375464.8065000001,2228.508,0.0
0,upper_limit2_lower_limit-2,2017-09-29,buy,103.1,4,412.4,375465.9321000001,2.4743999999999997,0.0
0,upper_limit2_lower_limit-2,2017-12-28,sell,106.0,-3610,371830.4,380389.9721000001,2295.96,10829.59999999998
0,upper_limit2_lower_limit-2,2018-05-04,buy,84.9,4449,377720.10000000003,377678.7515000001,2266.3206,0.0
0,upper_limit2_lower_limit-2,2018-05-07,buy,84.8,4,339.2,378567.31630000006,2.0352,0.0
0,upper_limit2_lower_limit-2,2019-05-03,sell,131.9,-4453,378059.30000000005,583888.9121000001,3524.1042,209291.39999999997
0,upper_limit2_lower_limit-2,2019-05-07,buy,128.0,4529,579712.0,618454.2401,3478.272,0.0
0,upper_limit2_lower_limit-2,2019-05-08,sell,136.4,-4529,579712.0,614747.7065000001,3706.5336,38043.60000000003
0,upper_limit2_lower_limit-2,2019-09-30,buy,122.5,4983,610417.5,600620.9015000002,3662.505,0.0
0,upper_limit2_lower_limit-2,2019-10-01,buy,120.4,5,602.0,598622.0895000001,3.612,0.0
0,upper_limit2_lower_limit-2,2019-11-14,sell,124.0,-4988,611019.5,614863.0175000001,3711.072,7492.500000000013
0,upper_limit2_lower_limit-2,2020-03-10,buy,89.0,6860,610540.0,631779.7775000001,3663.2400000000002,0.0
0,upper_limit2_lower_limit-2,2020-03-11,buy,92.0,7,644.0,618385.2635,3.8640000000000003,0.0
0,upper_limit2_lower_limit-2,2020-06-05,sell,105.6,-6867,611184.0,720816.1823,4350.9312,113971.19999999997
0,upper_limit2_lower_limit-2,2020-06-08,buy,100.0,7158,715800.0,730837.3822999999,4294.8,0.0
0,upper_limit2_lower_limit-2,2020-06-09,buy,102.0,7,714.0,766658.0983,4.284000000000001,0.0
0,upper_limit2_lower_limit-2,2020-06-10,sell,107.0,-7165,716514.0,762058.1682999999,4599.93,50140.99999999999
0,upper_limit2_lower_limit-2,2020-06-15,buy,103.1,7340,756754.0,731827.6442999999,4540.523999999999,0.0
0,upper_limit2_lower_limit-2,2020-06-16,buy,99.6,7,697.1999999999999,771497.2610999999,4.1832,0.0
0,upper_limit2_lower_limit-2,2021-12-17,sell,196.7,-7347,757451.2,1436546.2317,8670.929399999999,687703.7
0,upper_limit2_lower_limit-2,2022-06-24,buy,180.0,7925,1426500.0,1467612.2317,8559.0,0.0
0,upper_limit2_lower_limit-2,2022-06-28,sell,188.0,-7925,1426500.0,1482447.8317,8939.400000000001,63400.0
0,upper_limit2_lower_limit-2,2022-07-18,buy,179.4,8205,1471977.0,1462128.9697,8831.862000000001,0.0
0,upper_limit2_lower_limit-2,2022-07-19,buy,178.0,9,1602.0,1527831.3577,9.612,0.0
0,upper_limit2_lower_limit-2,2022-11-29,sell,198.9,-8214,1473579.0,1623989.3701,9802.5876,160185.59999999995
0,upper_limit2_lower_limit-2,2022-12-06,buy,184.3,8750,1612625.0,1650188.6201,9675.75,0.0
0,upper_limit2_lower_limit-2,2022-12-12,sell,203.0,-8750,1612625.0,1767281.1201,10657.5,163624.9999999999
0,upper_limit2_lower_limit-2,2023-06-01,buy,195.0,8999,1754805.0,1810746.2900999999,10528.83,0.0
0,upper_limit2_lower_limit-2,2023-06-06,buy,199.0,9,1791.0,1810753.5441,10.746,0.0
0,upper_limit2_lower_limit-2,2024-05-17,sell,345.8,-9008,1756596.0,3096422.1457,18689.7984,1358370.4000000001
0,upper_limit2_lower_limit-2,2024-05-20,buy,334.0,9206,3074804.0,3127685.7217,18448.824,0.0
0,upper_limit2_lower_limit-2,2024-05-21,buy,339.4,9,3054.6,3197701.3941,18.3276,0.0
0,upper_limit2_lower_limit-2,2024-05-27,sell,353.0,-9215,3077858.6,3233474.0241,19517.37,175036.3999999998
0,upper_limit2_lower_limit-2,2024-05-29,buy,338.6,9483,3210943.8000000003,3128861.3613,19265.662800000002,0.0
0,upper_limit2_lower_limit-2,2024-05-30,buy,329.6,9,2966.4,3128843.5629,17.7984,0.0
0,upper_limit2_lower_limit-2,2024-06-05,sell,333.6,-9492,3213910.2,3147812.3756999997,18999.1872,-47378.999999999825
0,upper_limit2_lower_limit-2,2024-06-14,buy,340.0,9193,3125620.0,3125381.4557,18753.72,0.0
0,upper_limit2_lower_limit-2,2024-06-19,buy,338.0,10,3380.0,3138261.3756999997,20.279999999999998,0.0
0,upper_limit2_lower_limit-2,2024-06-28,sell,348.0,-9203,3129000.0,3183466.5116999997,19215.864,73643.9999999999
