Date,Open,High,Low,Close,Volume
2021-06-01,13.48,13.56,13.46,13.48,"238,439,906"
2021-06-02,13.48,13.5,13.46,13.48,"68,682,492"
2021-06-03,13.5,13.5,12.68,13.1,"148,213,203"
2021-06-04,13.1,13.42,13.1,13.4,"22,601,301"
2021-06-07,13.4,13.48,13.38,13.46,"8,020,600"
2021-06-08,13.46,13.48,13.38,13.46,"9,874,000"
2021-06-09,13.46,13.76,13.42,13.7,"29,222,801"
2021-06-10,13.78,14.16,13.74,13.92,"23,897,500"
2021-06-11,13.92,14.1,13.8,14.04,"6,237,200"
2021-06-14,14.1,14.7,14.06,14.68,"11,431,800"
2021-06-15,14.66,14.76,14.42,14.66,"13,586,500"
2021-06-16,14.7,14.76,14.5,14.74,"9,832,500"
2021-06-17,14.76,14.78,14.42,14.6,"8,647,800"
2021-06-18,14.6,14.66,14.3,14.3,"3,183,800"
2021-06-21,14.3,14.54,14.3,14.5,"3,689,000"
2021-06-22,14.48,14.58,14.32,14.58,"10,730,600"
2021-06-23,14.58,14.76,14.52,14.74,"10,198,600"
2021-06-24,14.76,15.6,14.76,15.34,"30,903,699"
2021-06-25,15.6,15.98,15.24,15.34,"21,668,301"
2021-06-28,15.5,15.8,15.5,15.6,"4,113,100"
2021-06-29,15.62,16.08,15.62,16.04,"23,143,600"
2021-06-30,16.12,16.8,16.12,16.52,"29,927,900"
2021-07-01,16.68,17.0,16.52,17.0,"38,308,898"
2021-07-02,16.86,17.16,16.84,17.0,"11,106,800"
2021-07-05,17.0,17.12,16.74,16.88,"13,795,300"
2021-07-06,16.9,17.0,16.3,16.44,"13,180,400"
2021-07-07,16.5,16.58,16.18,16.2,"8,270,200"
2021-07-08,16.2,16.7,16.2,16.7,"10,136,300"
2021-07-09,16.7,17.06,16.4,17.0,"16,747,000"
2021-07-12,16.9,17.02,16.8,16.92,"5,044,300"
2021-07-13,16.92,16.94,16.42,16.64,"10,100,900"
2021-07-14,16.64,16.64,16.24,16.34,"7,214,400"
2021-07-15,16.36,16.6,16.22,16.4,"6,353,200"
2021-07-16,16.48,16.56,15.56,15.68,"18,880,199"
2021-07-19,15.68,15.68,14.42,15.18,"36,547,301"
2021-07-21,15.1,15.1,14.66,15.02,"14,341,800"
2021-07-22,15.02,15.52,15.02,15.26,"7,100,900"
2021-07-23,15.38,15.4,14.88,15.0,"7,938,900"
2021-07-26,15.06,15.06,14.74,14.9,"4,691,400"
2021-07-27,14.9,15.18,14.88,15.08,"5,082,500"
2021-07-28,14.9,15.0,14.76,14.88,"4,131,900"
2021-07-29,14.88,15.46,14.86,15.26,"16,289,900"
2021-07-30,15.26,15.46,14.66,14.78,"13,607,300"
2021-08-02,14.8,15.06,14.68,14.78,"6,395,700"
2021-08-03,14.84,15.18,14.78,15.0,"8,105,800"
2021-08-04,15.12,15.6,15.12,15.58,"7,020,100"
2021-08-05,15.58,15.58,15.1,15.3,"4,852,700"
2021-08-06,15.34,15.98,15.34,15.7,"21,234,500"
2021-08-09,15.72,16.96,15.72,16.78,"21,145,801"
2021-08-10,16.78,16.96,16.52,16.92,"32,059,000"
2021-08-11,16.96,17.4,16.72,17.0,"27,392,301"
2021-08-12,16.88,16.9,16.28,16.52,"11,926,900"
2021-08-13,15.92,16.1,15.4,15.54,"29,126,400"
2021-08-16,15.4,16.0,15.2,15.9,"14,681,300"
2021-08-17,15.92,16.2,15.88,15.98,"5,225,600"
2021-08-18,16.08,16.36,15.9,16.04,"7,220,900"
2021-08-19,16.04,16.46,16.04,16.4,"6,602,300"
2021-08-20,16.46,16.86,16.22,16.8,"14,747,500"
2021-08-23,16.8,16.88,16.54,16.76,"5,795,100"
2021-08-24,16.76,16.76,16.66,16.76,"6,265,800"
2021-08-25,16.76,16.76,16.58,16.62,"5,216,000"
2021-08-26,16.62,16.68,16.22,16.3,"12,798,800"
2021-08-27,16.34,16.88,16.34,16.74,"7,161,300"
2021-08-31,16.74,16.96,16.7,16.84,"11,067,100"
2021-09-01,16.84,16.96,16.44,16.6,"10,757,400"
2021-09-02,16.6,16.6,16.38,16.5,"15,930,900"
2021-09-03,16.76,16.76,16.5,16.7,"7,266,400"
2021-09-06,16.7,16.96,16.68,16.72,"6,367,400"
2021-09-07,16.74,17.7,16.74,17.68,"37,789,102"
2021-09-08,17.5,17.5,17.12,17.2,"22,209,000"
2021-09-09,17.22,17.46,17.22,17.36,"15,786,600"
2021-09-10,17.38,17.68,17.36,17.48,"11,987,400"
2021-09-13,17.46,17.86,17.4,17.58,"12,453,100"
2021-09-14,17.66,18.26,17.58,18.26,"29,259,900"
2021-09-15,18.3,19.0,18.26,19.0,"29,010,699"
2021-09-16,18.98,19.5,18.84,18.96,"35,040,500"
2021-09-17,19.0,19.84,18.88,19.5,"47,457,500"
2021-09-20,19.3,19.7,18.6,19.3,"23,077,801"
2021-09-21,18.92,19.16,18.76,18.94,"23,113,301"
2021-09-22,19.1,19.52,19.04,19.42,"8,998,300"
2021-09-23,19.7,20.0,19.46,19.6,"27,402,100"
2021-09-24,19.68,20.1,19.68,19.92,"33,340,301"
2021-09-27,20.0,20.7,19.98,20.25,"22,916,699"
2021-09-28,19.3,19.34,18.62,18.62,"115,444,492"
2021-09-29,18.62,18.78,17.54,17.82,"98,874,094"
2021-09-30,18.1,18.86,18.1,18.8,"43,793,801"
2021-10-01,18.74,19.1,18.62,18.8,"34,203,199"
2021-10-04,19.0,19.14,18.76,19.06,"14,026,600"
2021-10-05,19.0,19.06,18.76,18.8,"37,192,898"
2021-10-06,18.8,19.14,18.76,19.0,"11,441,700"
2021-10-07,19.14,19.88,18.3,18.5,"41,460,699"
2021-10-08,18.62,18.84,18.04,18.44,"34,130,199"
2021-10-11,18.26,19.02,18.26,18.98,"12,893,600"
2021-10-12,18.96,18.96,17.62,17.7,"49,869,000"
2021-10-13,18.0,18.2,16.5,17.0,"54,519,102"
2021-10-14,17.02,17.34,16.4,16.54,"43,906,898"
2021-10-15,16.7,16.96,16.12,16.38,"61,058,602"
2021-10-18,16.36,16.38,15.08,15.2,"88,249,695"
2021-10-19,15.28,15.98,15.08,15.14,"73,359,508"
2021-10-20,15.78,15.78,15.32,15.52,"51,144,801"
2021-10-21,15.76,16.64,15.6,16.58,"31,870,600"
2021-10-22,16.62,16.72,16.14,16.2,"14,093,800"
2021-10-25,16.18,16.66,16.0,16.24,"9,785,900"
2021-10-26,16.38,16.48,16.22,16.34,"10,540,200"
2021-10-27,16.44,16.64,16.32,16.34,"15,128,500"
2021-10-28,16.42,16.62,16.36,16.4,"10,549,200"
2021-10-29,16.4,16.48,16.02,16.1,"9,373,100"
2021-11-02,16.24,16.52,16.04,16.24,"11,726,500"
2021-11-03,16.24,16.56,16.18,16.18,"13,630,300"
2021-11-04,16.2,16.34,16.16,16.26,"8,648,200"
2021-11-05,16.3,16.48,16.3,16.44,"13,142,300"
2021-11-08,16.36,16.48,16.36,16.42,"12,181,300"
2021-11-09,16.42,16.96,16.4,16.88,"38,757,801"
2021-11-10,17.0,17.28,16.82,16.88,"24,522,100"
2021-11-11,17.1,17.18,16.5,16.6,"24,443,900"
2021-11-12,17.6,17.8,16.64,16.96,"119,376,602"
2021-11-15,17.2,17.6,17.12,17.38,"56,462,602"
2021-11-16,17.48,17.76,17.4,17.64,"48,287,500"
2021-11-17,17.74,18.18,17.7,18.12,"55,010,102"
2021-11-18,18.2,18.2,17.36,17.84,"46,521,602"
2021-11-19,17.96,18.12,17.6,18.08,"33,751,699"
2021-11-22,18.2,18.68,18.14,18.62,"70,329,398"
2021-11-23,18.7,19.1,18.62,18.98,"66,412,000"
2021-11-24,19.0,19.02,17.92,18.02,"100,485,906"
2021-11-25,17.9,18.08,17.42,17.88,"77,049,297"
2021-11-26,18.06,18.34,17.6,17.6,"73,281,398"
2021-11-29,17.0,17.78,16.72,17.02,"329,857,875"
2021-12-01,17.64,17.64,16.9,17.0,"59,525,000"
2021-12-02,16.88,16.94,16.56,16.76,"38,840,301"
2021-12-03,16.94,16.96,16.62,16.72,"36,413,699"
2021-12-06,16.78,16.94,16.5,16.5,"13,654,200"
2021-12-07,16.54,16.6,15.74,15.8,"46,155,199"
2021-12-09,15.86,16.18,15.84,15.96,"20,429,301"
2021-12-10,16.1,16.1,15.9,16.0,"20,271,199"
2021-12-13,16.14,16.32,16.0,16.12,"56,205,898"
2021-12-14,16.28,16.34,16.08,16.1,"53,353,301"
2021-12-15,16.1,16.28,15.6,15.6,"60,245,102"
2021-12-16,15.64,16.04,15.64,16.0,"23,169,699"
2021-12-17,15.94,16.0,15.32,15.32,"287,555,812"
2021-12-20,15.54,15.94,15.34,15.9,"14,802,300"
2021-12-21,15.88,15.9,15.62,15.84,"5,770,300"
2021-12-22,15.84,16.02,15.7,15.9,"12,133,200"
2021-12-23,15.98,16.18,15.94,15.98,"13,380,300"
2021-12-24,16.0,16.1,15.86,15.86,"3,645,300"
2021-12-27,15.84,16.0,15.74,15.82,"3,533,100"
2021-12-28,15.84,15.86,15.4,15.6,"11,281,900"
2021-12-29,15.6,15.68,15.46,15.6,"4,735,300"
2021-12-31,15.58,16.2,15.46,16.2,"13,375,400"
2022-01-03,15.82,15.96,15.64,15.7,"3,268,200"
2022-01-05,15.98,16.0,15.76,16.0,"13,240,300"
2022-01-06,15.96,16.26,15.88,16.22,"11,198,000"
2022-01-07,16.22,16.26,15.82,16.0,"17,097,801"
2022-01-10,16.0,16.14,15.92,15.92,"9,503,000"
2022-01-11,15.94,16.02,15.64,15.68,"15,707,200"
2022-01-12,15.78,16.04,15.7,15.9,"5,300,900"
2022-01-13,16.0,16.72,15.98,16.58,"27,016,000"
2022-01-14,16.7,17.18,16.58,17.18,"15,871,900"
2022-01-17,17.02,17.42,16.98,17.24,"16,413,500"
2022-01-18,17.14,17.22,16.7,16.7,"12,020,900"
2022-01-19,16.7,16.7,16.42,16.58,"14,146,700"
2022-01-20,16.24,16.8,16.22,16.24,"13,120,200"
2022-01-21,16.3,16.66,16.3,16.5,"13,188,400"
2022-01-24,16.78,16.8,16.42,16.64,"17,395,400"
2022-01-25,16.66,16.8,16.6,16.8,"15,133,200"
2022-01-26,16.82,16.96,16.72,16.74,"6,946,200"
2022-01-27,16.8,16.9,16.66,16.68,"8,313,300"
2022-01-28,16.7,16.86,16.26,16.26,"13,459,700"
2022-01-31,16.26,16.48,16.26,16.38,"20,138,801"
2022-02-02,16.5,16.8,16.44,16.56,"14,048,800"
2022-02-03,16.54,16.54,16.0,16.0,"18,174,100"
2022-02-04,16.0,16.08,15.64,16.06,"18,802,900"
2022-02-07,16.38,16.4,15.54,15.6,"46,473,000"
2022-02-08,15.82,15.92,15.6,15.74,"24,060,301"
2022-02-09,15.8,16.46,15.78,16.26,"31,753,600"
2022-02-10,16.24,16.26,15.72,16.2,"41,869,102"
2022-02-11,16.22,18.16,16.0,18.16,"283,141,688"
2022-02-14,16.36,17.0,16.34,17.0,"72,260,492"
2022-02-15,16.9,16.9,16.14,16.5,"15,645,000"
2022-02-16,16.7,16.98,16.42,16.92,"18,613,699"
2022-02-17,16.92,16.92,16.5,16.5,"6,877,000"
2022-02-18,16.5,16.5,16.06,16.06,"7,429,100"
2022-02-21,16.1,16.24,15.52,15.52,"18,641,100"
2022-02-22,15.52,15.8,15.44,15.48,"11,502,500"
2022-02-23,15.5,15.8,15.2,15.8,"13,539,100"
2022-02-24,15.8,15.84,14.8,14.8,"19,719,801"
2022-02-28,14.9,16.52,14.9,16.52,"28,305,199"
2022-03-01,15.74,15.88,15.6,15.7,"15,667,300"
2022-03-02,15.68,15.68,15.14,15.14,"9,306,400"
2022-03-03,15.4,15.5,14.84,14.84,"15,189,600"
2022-03-04,14.92,15.0,14.7,14.76,"17,246,301"
2022-03-07,14.74,14.74,14.36,14.48,"10,473,100"
2022-03-08,14.4,14.4,13.8,13.8,"13,021,000"
2022-03-09,13.8,14.18,13.5,13.5,"9,164,600"
2022-03-10,14.16,14.66,13.76,14.3,"9,884,000"
2022-03-11,14.3,14.7,14.24,14.7,"4,360,800"
2022-03-14,14.68,14.68,13.9,14.4,"6,256,300"
2022-03-15,14.3,15.5,13.8,15.5,"12,965,800"
2022-03-16,15.44,15.44,14.7,15.4,"8,255,600"
2022-03-17,15.1,15.48,15.04,15.08,"8,333,900"
2022-03-18,15.2,15.34,14.22,14.34,"69,261,000"
2022-03-21,14.3,14.34,13.68,13.7,"20,233,801"
2022-03-22,13.9,13.98,13.42,13.48,"23,296,400"
2022-03-23,13.6,13.7,13.42,13.42,"7,459,800"
2022-03-24,13.5,13.68,13.42,13.5,"7,843,300"
2022-03-25,13.42,13.72,13.4,13.5,"6,945,300"
2022-03-28,13.5,13.68,13.42,13.5,"3,903,800"
2022-03-29,13.5,13.74,13.44,13.74,"6,871,700"
2022-03-30,13.82,14.02,13.78,13.88,"11,120,800"
2022-03-31,13.9,13.94,13.6,13.7,"12,829,800"
2022-04-01,13.7,13.72,13.52,13.6,"7,146,200"
2022-04-04,13.6,13.68,13.36,13.38,"6,305,700"
2022-04-05,13.36,13.38,13.22,13.28,"4,645,900"
2022-04-06,13.3,13.3,12.88,13.06,"8,449,300"
2022-04-07,13.18,13.2,12.92,12.92,"4,848,000"
2022-04-08,12.94,13.12,12.94,13.12,"2,208,100"
2022-04-11,13.12,13.26,12.8,12.8,"5,970,400"
2022-04-12,12.8,12.84,12.62,12.7,"8,013,600"
2022-04-13,12.68,13.32,12.64,13.32,"8,679,200"
2022-04-18,13.3,13.32,13.04,13.32,"1,796,200"
2022-04-19,13.32,13.66,13.32,13.66,"6,517,800"
2022-04-20,13.6,13.78,13.52,13.78,"4,803,900"
2022-04-21,13.72,13.72,13.48,13.54,"2,887,800"
2022-04-22,13.4,13.5,13.0,13.1,"3,223,000"
2022-04-25,13.1,13.1,12.74,12.74,"9,042,500"
2022-04-26,12.84,13.2,12.84,13.1,"6,138,900"
2022-04-27,13.1,13.28,12.8,13.28,"2,439,900"
2022-04-28,13.2,13.44,12.94,13.28,"7,627,300"
2022-04-29,13.3,13.3,12.9,12.98,"4,538,900"
2022-05-02,12.9,13.4,12.9,13.4,"5,405,400"
2022-05-04,13.3,13.9,13.14,13.9,"17,099,900"
2022-05-05,13.9,14.14,13.84,13.88,"9,454,800"
2022-05-06,13.74,13.8,13.34,13.38,"7,209,400"
2022-05-10,13.1,13.64,12.8,13.4,"11,628,800"
2022-05-11,13.3,13.64,13.1,13.34,"7,026,600"
2022-05-12,13.2,13.6,13.1,13.6,"13,978,200"
2022-05-13,14.0,14.46,13.86,14.36,"80,913,602"
2022-05-16,13.9,14.34,13.9,14.32,"21,767,400"
2022-05-17,14.32,14.64,14.08,14.6,"26,251,801"
2022-05-18,14.6,14.94,14.5,14.94,"18,463,699"
2022-05-19,14.66,15.72,14.36,15.7,"29,993,400"
2022-05-20,15.6,15.98,15.26,15.98,"25,469,900"
2022-05-23,15.7,16.04,15.52,15.92,"16,012,400"
2022-05-24,15.9,16.14,15.64,15.92,"16,304,900"
2022-05-25,15.9,16.04,15.62,15.78,"15,439,600"
2022-05-26,15.96,16.46,15.82,16.46,"26,113,100"
2022-05-27,16.4,16.68,16.32,16.68,"24,215,000"
2022-05-30,16.4,16.58,15.8,15.8,"16,926,801"
2022-05-31,15.68,15.82,14.8,14.8,"204,223,297"
2022-06-01,14.5,14.74,14.06,14.34,"23,699,100"
2022-06-02,14.34,14.34,13.9,13.98,"11,888,000"
2022-06-03,14.04,14.54,13.7,14.5,"7,374,700"
2022-06-06,14.5,14.6,14.18,14.2,"6,990,400"
2022-06-07,14.22,14.48,13.8,13.8,"9,285,700"
2022-06-08,13.84,14.18,13.82,14.0,"10,150,200"
2022-06-09,14.0,15.0,13.94,15.0,"7,967,700"
2022-06-10,14.6,14.7,14.32,14.5,"6,324,000"
2022-06-13,14.2,14.6,14.02,14.6,"8,919,500"
2022-06-14,14.12,14.24,13.84,14.1,"7,831,800"
2022-06-15,13.9,14.12,13.9,14.04,"4,575,300"
2022-06-16,14.04,14.06,13.7,14.0,"4,148,400"
2022-06-17,13.7,13.8,13.36,13.36,"10,722,800"
2022-06-20,13.4,13.48,13.04,13.18,"5,377,200"
2022-06-21,13.18,13.48,13.14,13.44,"2,211,600"
2022-06-22,13.44,13.5,13.22,13.4,"4,384,100"
2022-06-23,13.24,13.44,12.76,12.8,"7,073,800"
2022-06-24,12.8,13.06,12.62,12.84,"4,824,900"
2022-06-27,12.84,13.38,12.82,12.98,"7,297,200"
2022-06-28,13.0,13.14,12.64,13.08,"7,858,200"
2022-06-29,13.0,13.7,12.9,13.18,"15,403,500"
2022-06-30,13.44,13.48,12.7,13.0,"19,965,199"
2022-07-01,13.0,13.3,12.88,13.04,"2,228,100"
2022-07-04,13.12,13.46,13.06,13.2,"7,194,800"
2022-07-05,13.22,13.9,13.22,13.9,"9,637,600"
2022-07-06,13.98,14.4,13.9,14.4,"7,629,700"
2022-07-07,14.4,14.4,12.94,13.36,"19,984,301"
2022-07-08,13.0,13.46,12.88,13.04,"14,612,800"
2022-07-11,13.04,13.38,13.0,13.38,"3,906,200"
2022-07-12,13.38,14.0,13.38,13.52,"9,931,900"
2022-07-13,13.52,14.2,13.52,13.94,"14,593,100"
2022-07-14,13.84,14.0,13.62,13.96,"3,444,500"
2022-07-15,13.98,14.2,13.9,14.1,"11,771,400"
2022-07-18,14.1,14.2,13.52,14.02,"2,631,400"
2022-07-19,13.78,14.0,13.7,13.9,"4,707,300"
2022-07-20,13.88,14.16,13.72,14.0,"4,588,300"
2022-07-21,14.0,14.22,13.7,14.22,"3,752,700"
2022-07-22,14.22,14.38,13.8,14.38,"4,639,100"
2022-07-25,14.14,14.64,14.14,14.34,"4,846,900"
2022-07-26,14.34,14.4,14.02,14.14,"2,915,500"
2022-07-27,14.18,14.5,13.9,14.5,"2,919,300"
2022-07-28,14.48,14.56,14.38,14.44,"3,966,600"
2022-07-29,14.34,14.34,14.12,14.24,"5,631,200"
2022-08-01,14.12,14.6,14.04,14.6,"5,173,500"
2022-08-02,14.6,15.0,14.36,15.0,"9,824,300"
2022-08-03,14.88,15.26,14.82,15.1,"5,154,700"
2022-08-04,15.1,15.5,14.98,15.5,"5,133,200"
2022-08-05,15.48,15.8,15.06,15.8,"20,841,199"
2022-08-08,15.74,16.12,15.66,16.12,"19,418,400"
2022-08-09,16.14,16.32,15.94,16.08,"11,541,800"
2022-08-10,16.0,16.16,15.64,16.16,"7,347,100"
2022-08-11,15.8,16.3,15.8,16.3,"11,023,400"
2022-08-12,16.3,16.44,16.26,16.36,"12,577,700"
2022-08-15,16.36,16.36,16.1,16.28,"2,936,400"
2022-08-16,16.26,16.48,16.0,16.48,"7,245,600"
2022-08-17,16.4,16.4,16.18,16.22,"7,532,500"
2022-08-18,16.14,16.36,16.14,16.36,"7,760,200"
2022-08-19,16.3,16.32,16.18,16.3,"8,453,000"
2022-08-22,16.3,16.34,16.16,16.2,"4,606,200"
2022-08-23,16.2,16.2,16.02,16.2,"4,228,100"
2022-08-24,16.04,16.2,15.68,15.86,"6,654,100"
2022-08-25,15.8,16.1,15.68,16.08,"2,458,400"
2022-08-26,15.88,16.1,15.84,16.0,"4,239,500"
2022-08-30,15.9,16.48,15.86,16.42,"16,811,301"
2022-08-31,16.38,16.5,16.2,16.5,"23,342,900"
2022-09-01,16.3,16.54,16.24,16.48,"12,942,300"
2022-09-02,16.44,16.44,16.06,16.16,"7,939,000"
2022-09-05,16.16,16.16,15.86,16.08,"1,657,200"
2022-09-06,15.88,16.14,15.88,16.12,"5,560,400"
2022-09-07,16.12,16.38,15.9,15.9,"4,386,200"
2022-09-08,15.88,16.2,15.86,16.12,"8,119,400"
2022-09-09,16.18,16.18,15.88,16.08,"6,410,000"
2022-09-12,16.02,16.08,15.82,15.96,"3,586,700"
2022-09-13,15.94,15.96,15.34,15.5,"4,754,400"
2022-09-14,15.4,15.4,14.8,15.0,"11,489,700"
2022-09-15,15.0,15.0,14.46,14.5,"12,524,600"
2022-09-16,14.6,14.6,13.86,13.86,"64,967,301"
2022-09-19,13.9,14.04,13.7,14.0,"8,318,200"
2022-09-20,14.2,14.2,13.88,13.88,"4,667,900"
2022-09-21,13.88,13.96,13.5,13.5,"8,955,800"
2022-09-22,13.5,13.54,12.9,12.96,"12,123,800"
2022-09-23,13.04,13.36,13.04,13.36,"5,793,700"
2022-09-27,13.28,13.3,12.84,12.96,"8,114,300"
2022-09-28,12.94,13.08,12.52,12.52,"7,366,400"
2022-09-29,12.64,12.88,12.42,12.56,"9,370,100"
2022-09-30,12.42,12.5,12.02,12.18,"10,771,000"
2022-10-03,12.18,12.18,11.8,12.0,"5,276,500"
2022-10-04,12.28,12.56,12.1,12.42,"5,557,600"
2022-10-05,12.6,12.98,12.54,12.98,"5,152,300"
2022-10-06,12.98,12.98,12.1,12.1,"3,541,400"
2022-10-07,12.3,12.64,12.12,12.52,"2,687,400"
2022-10-10,12.5,12.5,12.18,12.18,"1,908,200"
2022-10-11,12.2,12.4,11.4,11.72,"6,851,200"
2022-10-12,12.16,12.16,11.7,11.7,"8,440,300"
2022-10-13,11.8,12.0,11.7,11.7,"6,606,300"
2022-10-14,11.86,12.0,11.5,11.5,"6,179,800"
2022-10-17,11.5,11.58,11.06,11.08,"6,335,000"
2022-10-18,11.2,11.46,11.1,11.4,"2,383,900"
2022-10-19,11.4,11.6,11.36,11.58,"2,848,200"
2022-10-20,11.58,11.58,11.08,11.1,"5,886,500"
2022-10-21,11.18,11.3,11.08,11.1,"7,440,100"
2022-10-24,11.3,11.4,11.18,11.2,"3,402,100"
2022-10-25,11.34,11.5,11.14,11.5,"2,332,300"
2022-10-26,11.5,11.78,11.4,11.78,"3,075,100"
2022-10-27,11.82,12.5,11.82,12.5,"3,740,100"
2022-10-28,12.48,12.5,11.68,11.68,"4,212,800"
2022-11-02,11.84,11.9,11.7,11.8,"6,005,200"
2022-11-03,11.8,11.8,11.32,11.7,"3,542,100"
2022-11-04,11.68,11.68,11.28,11.5,"3,423,700"
2022-11-07,11.5,11.92,11.5,11.92,"2,437,400"
2022-11-08,11.92,12.14,11.78,12.02,"4,111,400"
2022-11-09,12.02,12.24,11.94,12.0,"5,068,600"
2022-11-10,11.9,11.96,11.3,11.94,"3,625,800"
2022-11-11,12.04,12.36,11.7,11.82,"3,795,600"
2022-11-14,12.08,12.08,11.7,11.7,"2,226,800"
2022-11-15,11.7,12.2,11.62,12.2,"3,981,200"
2022-11-16,12.28,12.28,11.8,12.0,"13,219,400"
2022-11-17,12.0,12.32,11.94,12.32,"2,698,500"
2022-11-18,12.38,12.96,12.3,12.72,"11,338,500"
2022-11-21,12.72,12.88,12.6,12.8,"5,131,700"
2022-11-22,12.8,12.86,12.62,12.74,"5,677,200"
2022-11-23,12.86,12.9,12.72,12.8,"4,437,000"
2022-11-24,12.8,12.96,12.52,12.6,"4,222,100"
2022-11-25,12.6,12.74,12.3,12.6,"3,399,300"
2022-11-28,12.6,13.2,12.6,12.92,"9,337,500"
2022-11-29,12.9,12.9,12.52,12.64,"11,078,800"
2022-12-01,13.2,13.2,12.66,12.7,"4,418,500"
2022-12-02,12.7,12.8,11.82,11.9,"5,362,700"
2022-12-05,12.04,12.3,11.9,12.0,"9,267,800"
2022-12-06,12.0,12.0,11.54,11.58,"15,686,100"
2022-12-07,11.64,11.64,11.38,11.38,"7,845,200"
2022-12-09,11.38,11.62,11.24,11.24,"7,848,000"
2022-12-12,11.38,11.48,11.1,11.1,"5,401,900"
2022-12-13,11.24,11.4,11.16,11.24,"5,021,000"
2022-12-14,11.4,11.52,11.26,11.4,"8,979,700"
2022-12-15,11.4,11.46,11.1,11.1,"5,374,500"
2022-12-16,11.1,11.3,11.0,11.3,"11,759,800"
2022-12-19,11.3,11.3,11.1,11.2,"4,457,300"
2022-12-20,11.16,11.3,11.12,11.14,"1,144,300"
2022-12-21,11.14,11.26,11.0,11.06,"5,264,000"
2022-12-22,11.1,11.54,11.1,11.3,"11,117,500"
2022-12-23,11.38,11.76,11.02,11.7,"13,265,500"
2022-12-27,11.7,11.76,11.32,11.66,"10,817,900"
2022-12-28,11.6,11.6,11.28,11.32,"5,937,500"
2022-12-29,11.46,11.5,11.08,11.08,"15,353,600"
2023-01-03,11.1,11.96,11.1,11.92,"8,714,000"
2023-01-04,11.9,12.46,11.72,12.42,"11,674,500"
2023-01-05,12.4,12.64,12.04,12.64,"8,445,400"
2023-01-06,12.5,12.52,12.14,12.36,"10,447,200"
2023-01-09,12.48,12.48,12.24,12.48,"5,635,900"
2023-01-10,12.42,12.82,12.3,12.3,"6,305,600"
2023-01-11,12.3,12.96,12.3,12.96,"12,683,900"
2023-01-12,12.9,13.38,12.66,13.38,"11,995,700"
2023-01-13,13.3,13.86,13.12,13.82,"24,613,801"
2023-01-16,13.82,14.46,13.62,14.26,"14,384,200"
2023-01-17,14.1,14.1,13.62,14.04,"6,905,500"
2023-01-18,13.9,14.86,13.86,14.86,"8,438,700"
2023-01-19,14.6,14.92,14.42,14.8,"12,932,400"
2023-01-20,14.66,14.74,14.32,14.4,"5,700,400"
2023-01-23,14.22,14.5,14.0,14.48,"1,730,800"
2023-01-24,14.32,14.64,13.96,13.96,"2,032,500"
2023-01-25,14.4,14.48,13.98,14.3,"1,798,300"
2023-01-26,14.14,14.28,13.9,13.94,"2,426,500"
2023-01-27,13.94,13.94,13.62,13.7,"4,653,700"
2023-01-30,13.7,13.7,13.24,13.44,"5,000,400"
2023-01-31,13.22,13.3,12.72,13.2,"12,756,500"
2023-02-01,13.1,13.84,12.94,13.84,"12,130,200"
2023-02-02,13.76,13.76,13.3,13.52,"7,447,100"
2023-02-03,13.54,13.54,13.08,13.3,"8,367,500"
2023-02-06,13.3,13.4,12.84,12.86,"7,026,100"
2023-02-07,12.88,12.98,12.32,12.32,"8,842,500"
2023-02-08,12.6,12.88,12.4,12.72,"8,551,600"
2023-02-09,12.72,12.72,12.22,12.24,"10,126,400"
2023-02-10,12.3,12.5,12.24,12.26,"7,752,200"
2023-02-13,12.26,12.58,12.24,12.42,"6,386,200"
2023-02-14,12.42,12.42,12.26,12.3,"3,992,600"
2023-02-15,12.3,12.36,12.2,12.24,"4,268,300"
2023-02-16,12.36,12.38,12.16,12.16,"7,652,200"
2023-02-17,12.14,12.14,11.84,11.98,"6,729,900"
2023-02-20,12.0,12.16,11.82,12.0,"3,027,600"
2023-02-21,12.06,12.1,11.9,11.9,"1,209,400"
2023-02-22,11.9,12.04,11.8,11.8,"4,351,900"
2023-02-23,11.8,11.9,11.62,11.7,"3,092,400"
2023-02-27,11.7,11.7,11.14,11.2,"9,969,600"
2023-02-28,11.24,12.06,11.24,12.06,"13,710,900"
2023-03-01,11.9,11.98,11.4,11.44,"5,881,000"
2023-03-02,11.7,11.96,11.46,11.8,"6,669,500"
2023-03-03,11.8,11.94,11.62,11.64,"4,235,600"
2023-03-06,11.66,11.9,11.54,11.56,"3,860,300"
2023-03-07,11.76,11.8,11.56,11.76,"4,864,800"
2023-03-08,11.76,11.84,11.54,11.84,"6,037,900"
2023-03-09,11.84,11.84,11.5,11.5,"2,899,900"
2023-03-10,11.54,11.56,11.32,11.46,"2,879,400"
2023-03-13,11.34,11.66,11.26,11.26,"2,970,000"
2023-03-14,11.46,11.46,11.04,11.04,"5,306,800"
2023-03-15,11.18,11.38,11.0,11.3,"5,160,600"
2023-03-16,11.3,11.3,11.02,11.3,"1,664,300"
2023-03-17,11.28,11.42,11.22,11.3,"3,234,800"
2023-03-20,11.3,11.38,11.14,11.3,"806,300"
2023-03-21,11.4,11.44,11.18,11.34,"2,165,000"
2023-03-22,11.4,11.4,11.2,11.2,"2,934,000"
2023-03-23,11.26,11.26,11.06,11.06,"4,251,100"
2023-03-24,11.08,11.34,11.08,11.34,"2,863,900"
2023-03-27,11.34,11.34,11.14,11.32,"1,871,900"
2023-03-28,11.2,11.3,11.2,11.28,"1,114,900"
2023-03-29,11.28,11.28,11.18,11.24,"2,969,500"
2023-03-30,11.24,11.38,11.06,11.06,"6,130,900"
2023-03-31,10.8,10.8,9.81,9.81,"42,059,500"
2023-04-03,9.81,9.81,8.65,9.0,"45,594,000"
2023-04-04,9.01,9.33,9.0,9.12,"14,944,000"
2023-04-05,9.15,9.28,9.14,9.22,"9,283,000"
2023-04-11,9.3,9.47,9.27,9.35,"11,680,100"
2023-04-12,9.35,9.53,9.31,9.45,"8,467,700"
2023-04-13,9.44,9.44,9.23,9.26,"9,583,700"
2023-04-14,9.22,9.35,9.22,9.35,"4,786,900"
2023-04-17,9.33,9.35,9.14,9.35,"10,304,400"
2023-04-18,9.35,9.37,9.25,9.34,"6,338,200"
2023-04-19,9.35,9.35,9.2,9.25,"5,189,400"
2023-04-20,9.26,9.48,9.25,9.43,"15,870,900"
2023-04-24,9.5,9.5,9.3,9.35,"5,844,300"
2023-04-25,9.39,9.6,9.22,9.6,"8,684,200"
2023-04-26,9.55,9.55,9.15,9.15,"5,777,100"
2023-04-27,9.16,9.38,9.16,9.25,"4,629,700"
2023-04-28,9.26,9.48,9.26,9.35,"8,513,900"
2023-05-02,9.36,9.55,9.35,9.52,"7,002,800"
2023-05-03,9.52,9.58,9.5,9.53,"5,476,200"
2023-05-04,9.53,10.1,9.47,9.95,"12,384,800"
2023-05-05,9.94,10.4,9.94,10.2,"7,608,200"
2023-05-08,10.34,10.36,9.85,9.85,"11,600,800"
2023-05-09,9.84,9.9,9.41,9.5,"4,643,400"
2023-05-10,9.46,9.49,9.2,9.4,"6,603,400"
2023-05-11,9.4,9.76,9.25,9.32,"10,013,800"
2023-05-12,8.5,8.58,8.0,8.55,"61,884,000"
2023-05-15,8.55,8.6,8.4,8.44,"14,851,900"
2023-05-16,8.44,8.79,8.43,8.79,"9,344,600"
2023-05-17,8.79,8.94,8.7,8.88,"14,092,900"
2023-05-18,8.89,8.98,8.75,8.76,"12,551,300"
2023-05-19,8.76,8.98,8.76,8.86,"6,738,200"
2023-05-22,8.83,8.83,8.5,8.6,"6,720,700"
2023-05-23,8.55,8.63,8.51,8.54,"14,494,500"
2023-05-24,8.55,8.7,8.5,8.56,"9,738,800"
2023-05-25,8.52,8.66,8.5,8.5,"5,768,000"
2023-05-26,8.58,8.88,8.5,8.76,"7,746,700"
2023-05-29,8.76,8.77,8.5,8.52,"5,335,500"
2023-05-30,8.52,8.55,8.12,8.2,"25,327,100"
2023-05-31,8.15,8.33,8.05,8.1,"542,979,938"
2023-06-01,8.2,8.24,7.93,7.98,"46,177,898"
2023-06-02,8.0,8.09,7.65,7.85,"23,284,500"
2023-06-05,7.9,8.36,7.9,8.2,"15,569,000"
2023-06-06,8.24,8.28,8.03,8.12,"11,899,200"
2023-06-07,8.2,8.42,8.2,8.35,"10,760,300"
2023-06-08,8.33,8.38,8.18,8.25,"7,355,100"
2023-06-09,8.38,8.38,8.23,8.3,"6,697,600"
2023-06-13,8.3,8.3,8.1,8.12,"7,983,600"
2023-06-14,8.12,8.2,7.98,8.16,"10,807,100"
2023-06-15,8.17,8.31,8.0,8.31,"8,089,700"
2023-06-16,8.3,8.59,8.2,8.59,"11,193,400"
2023-06-19,8.49,8.57,8.15,8.21,"8,650,500"
2023-06-20,8.3,8.4,8.2,8.3,"4,581,500"
2023-06-21,8.3,8.4,7.75,7.99,"23,555,400"
2023-06-22,7.99,7.99,7.31,7.4,"22,374,100"
2023-06-23,7.4,7.6,7.38,7.6,"3,652,400"
2023-06-26,7.79,8.18,7.79,8.1,"17,216,801"
2023-06-27,8.1,8.2,7.98,8.09,"6,244,900"
2023-06-29,8.09,8.34,8.09,8.19,"4,918,100"
2023-06-30,8.19,8.34,8.01,8.01,"17,105,500"
2023-07-03,8.12,8.23,7.97,7.97,"3,595,000"
2023-07-04,8.05,8.09,7.83,7.94,"7,575,400"
2023-07-05,7.94,7.94,7.76,7.83,"8,381,800"
2023-07-06,7.9,8.04,7.86,8.0,"5,943,700"
2023-07-07,8.0,8.22,8.0,8.2,"5,195,600"
2023-07-10,8.19,8.23,8.05,8.18,"5,458,000"
2023-07-11,8.19,8.2,8.1,8.13,"3,721,600"
2023-07-12,8.15,8.41,8.12,8.41,"11,637,300"
2023-07-13,8.44,8.87,8.43,8.8,"15,455,000"
2023-07-14,8.8,8.93,8.72,8.93,"6,034,800"
2023-07-17,8.93,8.93,8.66,8.8,"3,657,700"
2023-07-18,8.8,8.81,8.35,8.35,"5,275,500"
2023-07-19,8.41,8.74,8.4,8.72,"4,326,400"
2023-07-20,8.71,8.73,8.62,8.72,"3,432,800"
2023-07-21,8.72,9.02,8.72,8.9,"4,975,200"
2023-07-24,8.9,9.02,8.6,8.61,"3,359,800"
2023-07-25,8.61,8.77,8.46,8.7,"3,340,100"
2023-07-26,8.7,8.72,8.46,8.7,"2,164,500"
2023-07-27,8.67,8.7,8.56,8.58,"573,900"
2023-07-28,8.58,8.58,8.3,8.3,"4,276,600"
2023-07-31,8.21,8.32,8.16,8.19,"3,434,600"
2023-08-01,8.2,8.3,8.19,8.25,"1,093,000"
2023-08-02,8.31,8.31,8.2,8.2,"2,830,500"
2023-08-03,8.2,8.29,8.2,8.24,"1,028,700"
2023-08-04,8.29,8.34,7.5,7.5,"8,941,600"
2023-08-07,8.0,8.06,7.89,8.0,"2,412,900"
2023-08-08,8.05,8.12,8.02,8.1,"2,433,600"
2023-08-09,8.1,8.13,7.83,7.9,"10,643,900"
2023-08-10,7.95,7.95,7.54,7.56,"15,197,300"
2023-08-11,7.63,7.75,7.56,7.58,"3,273,300"
2023-08-14,7.56,7.6,7.05,7.29,"15,283,400"
2023-08-15,7.29,7.29,6.83,6.85,"17,302,801"
2023-08-16,6.9,7.08,6.63,6.71,"23,106,699"
2023-08-17,6.92,6.95,6.75,6.83,"3,805,200"
2023-08-18,6.85,6.87,6.42,6.45,"18,959,199"
2023-08-22,6.46,6.49,6.12,6.18,"17,269,100"
2023-08-23,6.18,6.77,6.1,6.74,"9,743,300"
2023-08-24,6.7,6.85,6.53,6.7,"4,740,800"
2023-08-25,6.72,6.72,6.45,6.6,"4,019,900"
2023-08-29,6.61,7.05,6.6,7.05,"9,600,600"
2023-08-30,7.1,7.35,7.09,7.35,"13,326,900"
2023-08-31,7.35,7.45,6.98,7.2,"13,704,800"
2023-09-01,7.2,7.2,6.86,6.91,"3,415,500"
2023-09-04,6.95,7.2,6.92,7.19,"3,390,400"
2023-09-05,7.2,7.57,7.2,7.5,"11,612,200"
2023-09-06,7.5,7.6,7.31,7.6,"6,988,500"
2023-09-07,7.55,7.88,7.45,7.8,"5,839,000"
2023-09-08,7.8,7.9,7.62,7.9,"4,686,100"
2023-09-11,7.9,8.28,7.8,8.28,"14,584,800"
2023-09-12,8.26,8.58,8.2,8.46,"16,055,500"
2023-09-13,8.46,8.55,8.26,8.38,"5,750,800"
2023-09-14,8.38,8.4,8.14,8.4,"3,128,000"
2023-09-15,8.4,8.4,8.2,8.3,"8,404,500"
2023-09-18,8.4,8.5,8.32,8.33,"4,284,000"
2023-09-19,8.35,8.35,7.96,8.13,"5,616,900"
2023-09-20,8.13,8.44,7.95,8.44,"8,134,200"
2023-09-21,8.43,8.82,8.3,8.81,"10,450,200"
2023-09-22,8.81,9.18,8.7,9.17,"17,516,600"
2023-09-25,9.18,9.18,9.0,9.15,"3,239,800"
2023-09-26,9.15,9.46,9.01,9.43,"9,190,900"
2023-09-27,9.31,9.89,9.31,9.75,"10,671,500"
2023-09-28,9.7,9.74,9.46,9.6,"5,008,500"
2023-09-29,9.5,9.5,9.03,9.03,"10,024,100"
2023-10-02,9.03,9.03,8.75,8.78,"3,167,000"
2023-10-03,8.76,9.2,8.75,9.19,"8,594,800"
2023-10-04,9.18,9.35,9.05,9.26,"4,154,400"
2023-10-05,9.26,9.26,8.85,8.89,"5,891,700"
2023-10-06,8.9,9.0,8.62,8.94,"4,568,300"
2023-10-09,8.94,9.15,8.8,9.15,"5,417,700"
2023-10-10,9.15,9.15,8.81,8.81,"6,307,700"
2023-10-11,8.88,8.96,8.65,8.65,"2,569,300"
2023-10-12,8.65,8.78,8.56,8.59,"2,047,500"
2023-10-13,8.56,8.61,8.52,8.59,"3,714,200"
2023-10-16,8.58,8.58,8.1,8.25,"13,125,600"
2023-10-17,8.25,8.33,8.2,8.33,"10,628,400"
2023-10-18,8.3,8.81,8.3,8.8,"5,362,100"
2023-10-19,8.7,8.8,8.55,8.7,"3,089,900"
2023-10-20,8.57,8.57,8.37,8.45,"3,085,400"
2023-10-23,8.46,8.5,8.18,8.28,"2,522,400"
2023-10-24,8.22,8.32,8.15,8.18,"1,503,700"
2023-10-25,8.18,8.37,8.05,8.15,"2,746,900"
2023-10-26,8.2,8.28,8.02,8.28,"5,280,300"
2023-10-27,8.3,8.59,8.12,8.51,"7,599,200"
2023-10-31,8.5,8.5,8.18,8.2,"4,105,200"
2023-11-03,8.25,8.3,7.9,7.9,"11,920,500"
2023-11-06,7.93,7.94,7.7,7.81,"5,736,100"
2023-11-07,7.81,7.97,7.81,7.9,"4,661,900"
2023-11-08,7.86,7.95,7.83,7.9,"4,483,900"
2023-11-09,7.91,8.27,7.9,8.27,"10,531,900"
2023-11-10,8.25,8.38,8.14,8.38,"3,072,300"
2023-11-13,8.37,8.52,8.22,8.25,"2,479,500"
2023-11-14,8.22,8.35,7.86,8.19,"3,087,600"
2023-11-15,8.19,8.35,8.14,8.25,"6,063,400"
2023-11-16,8.25,8.35,7.96,8.0,"6,569,600"
2023-11-17,7.97,8.01,7.88,7.91,"10,205,600"
2023-11-20,7.91,8.01,7.74,7.75,"11,687,400"
2023-11-21,7.78,7.84,7.66,7.82,"11,876,300"
2023-11-22,7.81,8.2,7.76,8.19,"5,926,200"
2023-11-23,8.19,8.48,8.11,8.48,"7,520,900"
2023-11-24,8.48,8.48,8.33,8.35,"1,894,900"
2023-11-28,8.36,8.4,8.17,8.3,"2,976,600"
2023-11-29,8.3,8.3,8.02,8.03,"4,026,300"
2023-11-30,8.06,8.4,8.03,8.4,"3,245,300"
2023-12-01,8.39,8.42,8.2,8.21,"2,377,700"
2023-12-04,8.21,8.33,8.12,8.17,"3,460,000"
2023-12-05,8.16,8.3,8.06,8.3,"4,379,400"
2023-12-06,8.35,8.36,8.07,8.2,"2,070,300"
2023-12-07,8.2,8.2,8.02,8.04,"4,537,100"
2023-12-11,8.06,8.1,7.8,8.0,"3,823,200"
2023-12-12,8.0,8.11,7.95,8.0,"1,386,300"
2023-12-13,7.82,8.05,7.82,7.99,"3,500,000"
2023-12-14,8.02,8.09,7.9,8.0,"14,135,000"
2023-12-15,8.05,8.25,7.92,8.1,"8,740,500"
2023-12-18,8.1,8.1,7.93,7.93,"5,186,400"
2023-12-19,8.05,8.05,7.81,7.85,"8,371,800"
2023-12-20,7.85,8.0,7.83,7.95,"8,749,400"
2023-12-21,7.95,8.14,7.83,8.14,"4,296,800"
2023-12-22,8.14,8.37,7.99,8.37,"5,218,600"
2023-12-27,8.37,8.37,8.13,8.15,"2,776,800"
2023-12-28,8.16,8.35,8.16,8.32,"3,361,200"
2023-12-29,8.3,8.39,8.28,8.38,"1,691,300"
2024-01-02,8.37,8.52,8.3,8.45,"9,493,700"
2024-01-03,8.5,8.61,8.4,8.55,"3,765,800"
2024-01-04,8.5,8.69,8.41,8.57,"4,055,200"
2024-01-05,8.59,8.61,8.48,8.52,"4,207,200"
2024-01-08,8.55,8.76,8.55,8.69,"4,285,000"
2024-01-09,8.69,8.88,8.68,8.68,"1,627,500"
2024-01-10,8.68,8.78,8.32,8.5,"4,395,400"
2024-01-11,8.5,8.7,8.44,8.63,"3,349,600"
2024-01-12,8.63,8.7,8.41,8.41,"1,757,300"
2024-01-15,8.5,8.5,8.36,8.36,"1,997,900"
2024-01-16,8.36,8.5,8.28,8.28,"2,161,500"
2024-01-17,8.27,8.44,8.03,8.08,"4,961,600"
2024-01-18,8.09,8.33,8.02,8.1,"1,418,300"
2024-01-19,8.2,8.29,8.12,8.15,"4,236,700"
2024-01-22,8.17,8.3,8.17,8.3,"1,929,100"
2024-01-23,8.37,8.6,8.36,8.55,"15,679,500"
2024-01-24,8.56,8.6,8.53,8.58,"7,522,400"
2024-01-25,8.6,8.67,8.58,8.6,"7,167,200"
2024-01-26,8.63,8.63,8.41,8.43,"1,178,100"
2024-01-29,8.48,8.48,8.3,8.34,"2,941,800"
2024-01-30,8.43,8.68,8.41,8.68,"6,656,600"
2024-01-31,8.7,8.87,8.62,8.81,"7,628,800"
2024-02-01,8.77,8.82,8.6,8.78,"2,803,600"
2024-02-02,8.82,9.51,8.8,9.42,"36,277,102"
2024-02-05,9.38,9.57,9.3,9.54,"10,984,500"
2024-02-06,9.58,9.65,9.38,9.64,"9,560,100"
2024-02-07,9.6,9.82,9.6,9.68,"8,221,300"
2024-02-08,9.8,10.1,9.68,9.95,"19,471,699"
2024-02-12,9.95,9.99,9.61,9.95,"12,045,600"
2024-02-13,9.97,10.38,9.88,10.36,"13,564,200"
2024-02-14,10.36,10.42,10.2,10.36,"19,259,500"
2024-02-15,10.3,10.6,10.3,10.6,"15,195,200"
2024-02-16,10.62,10.88,10.6,10.82,"19,554,699"
2024-02-19,10.8,10.84,10.3,10.48,"10,313,000"
2024-02-20,10.4,10.5,10.12,10.16,"6,588,700"
2024-02-21,10.16,10.36,10.14,10.14,"1,871,600"
2024-02-22,10.14,10.54,10.14,10.34,"1,868,900"
2024-02-23,10.4,10.74,10.22,10.24,"2,552,700"
2024-02-26,10.38,10.48,10.0,10.48,"3,626,400"
2024-02-27,10.26,10.48,10.26,10.4,"4,962,000"
2024-02-28,10.4,10.44,10.06,10.2,"2,955,900"
2024-02-29,10.2,10.34,10.0,10.0,"2,046,800"
2024-03-01,10.02,10.2,10.02,10.08,"981,800"
2024-03-04,10.08,10.44,10.06,10.44,"2,046,900"
2024-03-05,10.44,10.46,10.28,10.36,"4,576,600"
2024-03-06,10.2,10.32,9.97,9.97,"7,333,800"
2024-03-07,9.95,10.0,9.77,9.9,"3,077,200"
2024-03-08,9.9,10.06,9.9,9.95,"1,509,800"
2024-03-11,9.9,9.93,9.65,9.75,"3,862,000"
2024-03-12,9.85,9.87,9.73,9.78,"2,346,100"
2024-03-13,9.7,10.1,9.68,10.08,"2,061,300"
2024-03-14,10.08,10.18,9.96,10.06,"2,055,800"
2024-03-15,10.06,10.08,9.79,10.0,"2,197,200"
2024-03-18,10.0,10.08,9.9,9.95,"661,100"
2024-03-19,9.95,10.02,9.81,9.86,"1,347,100"
2024-03-20,9.86,10.38,9.81,10.3,"2,625,200"
2024-03-21,10.32,10.36,10.26,10.32,"1,570,200"
2024-03-22,10.32,10.36,10.2,10.3,"1,184,200"
2024-03-25,10.3,10.3,9.95,10.12,"5,158,500"
2024-03-26,10.12,10.74,10.12,10.74,"8,826,900"
2024-03-27,10.68,10.92,10.56,10.92,"5,671,700"
2024-04-01,10.9,10.92,10.66,10.66,"3,365,300"
2024-04-02,10.72,11.56,10.72,11.28,"23,516,400"
2024-04-03,11.28,11.3,11.0,11.22,"3,367,600"
2024-04-04,11.22,11.22,10.86,10.98,"2,776,100"
2024-04-05,10.82,11.0,10.44,11.0,"3,018,800"
2024-04-08,10.98,10.98,10.54,10.98,"1,790,900"
2024-04-11,10.78,10.8,10.48,10.52,"5,595,000"
2024-04-12,10.48,10.74,10.2,10.7,"5,367,400"
2024-04-15,10.58,10.6,10.4,10.6,"1,741,100"
2024-04-16,10.5,10.5,10.22,10.22,"4,436,200"
2024-04-17,10.2,10.32,10.04,10.3,"5,303,800"
2024-04-18,10.3,10.38,10.12,10.34,"2,739,900"
2024-04-19,10.34,10.36,9.97,10.0,"11,349,500"
2024-04-22,10.0,10.2,10.0,10.2,"651,000"
2024-04-23,10.12,10.38,10.1,10.38,"837,200"
2024-04-24,10.4,10.48,10.26,10.44,"1,128,700"
2024-04-25,10.44,10.44,10.24,10.38,"1,292,300"
2024-04-26,10.3,10.9,10.3,10.9,"3,375,300"
2024-04-29,10.98,10.98,10.54,10.58,"2,572,600"
2024-04-30,10.76,10.76,10.6,10.68,"1,706,400"
2024-05-02,10.6,10.66,10.4,10.6,"4,767,200"
2024-05-03,10.54,10.96,10.5,10.96,"3,970,600"
2024-05-06,10.94,11.3,10.8,11.16,"3,815,100"
2024-05-07,11.02,11.24,11.0,11.16,"5,104,100"
2024-05-08,11.2,11.2,10.82,11.18,"1,562,200"
2024-05-09,11.2,11.9,11.2,11.7,"10,843,400"
2024-05-10,11.7,11.7,10.9,11.3,"3,541,300"
2024-05-13,11.3,11.76,11.1,11.7,"7,302,700"
2024-05-14,11.56,11.9,11.56,11.76,"3,749,300"
2024-05-15,11.7,11.9,11.66,11.7,"2,871,400"
2024-05-16,11.68,11.7,11.02,11.22,"19,085,699"
2024-05-17,11.22,11.54,11.22,11.5,"3,186,500"
2024-05-20,11.5,11.8,11.2,11.26,"3,990,000"
2024-05-21,11.26,11.26,10.92,11.1,"1,653,500"
2024-05-22,11.1,11.1,10.54,11.0,"2,083,300"
2024-05-23,11.1,11.36,11.0,11.36,"1,257,300"
2024-05-24,11.24,11.24,10.98,11.0,"1,002,200"
2024-05-27,11.0,11.24,10.8,11.24,"854,500"
2024-05-28,11.1,11.1,10.92,11.0,"574,900"
2024-05-29,11.0,11.14,10.8,10.9,"908,100"
2024-05-30,10.82,10.92,10.46,10.92,"2,775,100"
2024-05-31,10.92,11.2,10.52,11.2,"4,771,000"
2024-06-03,11.04,11.22,10.58,11.22,"5,504,700"
2024-06-04,11.1,11.14,10.86,10.86,"935,600"
2024-06-05,10.9,11.0,10.66,10.78,"1,424,500"
2024-06-06,10.76,10.8,10.62,10.8,"2,964,700"
2024-06-07,10.9,11.0,10.72,10.72,"990,100"
2024-06-10,10.72,10.72,10.6,10.7,"1,352,700"
2024-06-11,10.62,10.7,10.62,10.62,"1,797,400"
2024-06-13,10.62,10.62,10.4,10.4,"1,201,000"
2024-06-14,10.4,10.54,10.28,10.34,"2,479,400"
2024-06-18,10.34,10.58,10.32,10.58,"846,100"
2024-06-19,10.58,10.7,10.4,10.5,"6,120,200"
2024-06-20,10.58,10.62,10.4,10.6,"3,102,200"
2024-06-21,10.46,10.46,9.92,10.0,"12,411,800"
2024-06-24,10.04,10.22,9.93,10.0,"5,609,700"
2024-06-25,10.0,10.06,9.52,9.55,"9,921,400"
2024-06-26,9.55,9.6,9.33,9.35,"8,247,300"
2024-06-27,9.36,9.76,9.36,9.67,"1,142,600"
2024-06-28,9.68,9.79,9.36,9.4,"12,037,500"
2024-07-01,9.4,9.69,9.4,9.5,"2,809,000"
2024-07-02,9.6,9.78,9.51,9.7,"2,029,000"
2024-07-03,9.71,9.91,9.6,9.85,"7,186,000"
2024-07-04,9.94,9.94,9.8,9.86,"2,954,100"
2024-07-05,9.9,10.04,9.86,9.88,"2,464,100"
2024-07-08,9.88,9.96,9.8,9.8,"1,044,700"
2024-07-09,9.77,9.88,9.77,9.79,"291,900"
2024-07-10,9.84,9.84,9.5,9.51,"5,508,600"
2024-07-11,9.51,9.87,9.51,9.85,"3,039,600"
2024-07-12,9.85,9.9,9.55,9.55,"1,444,600"
2024-07-15,9.56,9.75,9.56,9.58,"5,681,500"
2024-07-16,9.58,9.72,9.5,9.5,"4,244,500"
2024-07-17,9.7,9.7,9.4,9.43,"3,689,700"
2024-07-18,9.43,9.63,9.43,9.51,"764,000"
2024-07-19,9.55,9.76,9.5,9.57,"4,134,000"
2024-07-22,9.52,9.6,9.19,9.19,"5,534,700"
2024-07-23,9.3,9.4,9.25,9.3,"2,048,400"
2024-07-25,9.3,9.48,9.2,9.2,"2,253,400"
2024-07-26,9.23,9.31,9.23,9.28,"622,000"
2024-07-29,9.4,9.55,9.25,9.25,"3,019,100"
2024-07-30,9.26,9.35,9.0,9.0,"9,112,800"
2024-07-31,9.01,9.22,9.01,9.17,"2,521,700"
2024-08-01,9.17,9.35,9.17,9.3,"2,007,600"
2024-08-02,9.33,9.42,9.3,9.4,"3,811,200"
2024-08-05,9.2,9.4,8.94,9.0,"5,523,200"
2024-08-06,9.05,9.2,9.05,9.16,"1,350,600"
2024-08-07,9.16,9.35,9.16,9.35,"1,014,600"
2024-08-08,9.35,9.35,9.2,9.22,"493,300"
2024-08-09,9.35,9.58,9.34,9.58,"4,377,300"
2024-08-12,9.58,9.58,9.34,9.34,"2,805,300"
2024-08-13,9.5,9.5,9.34,9.34,"1,809,800"
2024-08-14,9.34,9.65,9.3,9.6,"3,654,200"
2024-08-15,9.65,9.65,9.4,9.6,"4,261,000"
2024-08-16,9.6,9.81,9.6,9.6,"5,521,200"
2024-08-19,9.72,9.72,9.58,9.6,"3,228,800"
2024-08-20,9.69,9.8,9.3,9.3,"7,174,400"
2024-08-21,9.42,9.5,9.3,9.3,"2,114,400"
2024-08-22,9.4,9.51,9.21,9.21,"5,053,100"
2024-08-27,9.23,9.47,9.23,9.32,"2,998,900"
2024-08-28,9.33,9.46,9.33,9.42,"1,260,500"
2024-08-29,9.47,9.65,9.47,9.53,"3,014,600"
2024-08-30,9.55,9.63,9.45,9.45,"3,646,700"
2024-09-02,9.45,9.5,9.4,9.46,"3,013,700"
2024-09-03,9.49,9.53,9.28,9.3,"5,339,300"
2024-09-04,9.26,9.26,9.17,9.21,"6,753,600"
2024-09-05,9.21,9.3,9.15,9.2,"7,390,600"
2024-09-06,9.24,9.3,9.17,9.2,"8,827,900"
2024-09-09,9.2,9.29,9.16,9.2,"4,707,400"
2024-09-10,9.2,9.43,9.2,9.2,"8,676,200"
2024-09-11,9.21,9.4,9.21,9.4,"3,014,600"
2024-09-12,9.4,9.58,9.39,9.51,"2,091,900"
2024-09-13,9.55,9.84,9.55,9.72,"2,988,000"
2024-09-16,9.75,10.34,9.75,10.3,"9,617,800"
2024-09-17,10.32,10.44,10.14,10.44,"5,171,000"
2024-09-18,10.44,10.44,10.14,10.16,"2,806,300"
2024-09-19,10.16,10.34,10.0,10.06,"4,200,200"
2024-09-20,10.08,10.6,10.08,10.32,"16,223,600"
2024-09-23,10.4,10.5,10.24,10.3,"5,568,700"
2024-09-24,10.38,10.4,10.0,10.0,"6,426,800"
2024-09-25,10.16,10.18,9.93,9.99,"3,071,000"
2024-09-26,10.0,10.42,10.0,10.34,"4,104,500"
2024-09-27,10.38,10.5,10.14,10.34,"3,104,700"
2024-09-30,10.34,10.38,10.14,10.18,"4,706,800"
2024-10-01,10.26,10.42,10.22,10.22,"4,605,200"
2024-10-02,10.24,10.24,10.1,10.12,"4,111,000"
2024-10-03,10.24,10.42,10.14,10.14,"1,611,600"
2024-10-04,10.16,10.8,10.16,10.8,"17,652,500"
2024-10-07,10.8,11.02,10.78,10.94,"8,565,500"
2024-10-08,10.9,10.9,10.6,10.6,"3,708,000"
2024-10-09,10.7,10.72,10.26,10.36,"7,946,500"
2024-10-10,10.36,10.52,10.3,10.48,"3,481,800"
2024-10-11,10.52,10.52,10.08,10.34,"5,654,200"
2024-10-14,10.34,10.56,10.3,10.3,"1,772,000"
2024-10-15,10.3,10.6,10.3,10.6,"1,643,200"
2024-10-16,10.6,10.7,10.4,10.7,"6,964,400"
2024-10-17,10.72,10.82,10.44,10.44,"1,763,500"
2024-10-18,10.52,10.64,10.5,10.56,"1,968,500"
2024-10-21,10.62,10.76,10.62,10.66,"1,362,500"
2024-10-22,10.72,11.08,10.7,11.08,"24,872,400"
2024-10-23,11.14,11.58,11.14,11.5,"17,032,400"
2024-10-24,11.42,11.42,11.14,11.2,"4,339,700"
2024-10-25,11.2,11.38,10.9,11.0,"7,757,500"
2024-10-28,11.0,11.0,10.78,10.9,"5,838,700"
2024-10-29,10.9,10.96,10.7,10.92,"1,512,400"
2024-10-30,10.92,11.0,10.84,11.0,"3,672,700"
2024-10-31,11.0,11.08,10.84,10.9,"1,062,500"
2024-11-04,10.9,10.98,10.86,10.92,"1,683,800"
2024-11-05,10.86,11.04,10.78,10.88,"4,120,900"
2024-11-06,10.88,11.0,10.8,10.88,"3,001,600"
2024-11-07,10.88,10.88,10.24,10.56,"3,923,400"
2024-11-08,10.6,10.6,10.24,10.58,"1,553,300"
2024-11-11,10.48,10.48,10.24,10.3,"897,000"
2024-11-12,10.3,10.3,9.6,9.75,"6,644,400"
2024-11-13,9.75,9.75,9.41,9.7,"1,602,000"
2024-11-14,9.7,9.75,9.1,9.18,"3,093,000"
2024-11-15,9.17,9.87,9.11,9.87,"4,183,100"
2024-11-18,9.79,9.9,9.61,9.9,"3,087,300"
2024-11-19,9.9,9.9,9.72,9.9,"1,471,100"
2024-11-20,9.9,9.95,9.75,9.9,"2,104,700"
2024-11-21,9.9,9.9,9.73,9.75,"2,746,500"
2024-11-22,9.75,9.79,9.58,9.6,"2,848,000"
2024-11-25,9.6,9.63,9.4,9.4,"3,762,400"
2024-11-26,9.4,9.75,9.4,9.53,"587,700"
2024-11-27,9.59,9.59,9.18,9.18,"1,424,700"
2024-11-28,9.18,9.19,8.98,9.0,"3,303,900"
2024-11-29,9.06,9.33,9.0,9.26,"9,649,400"
2024-12-02,9.26,9.26,9.13,9.2,"6,065,900"
2024-12-03,9.3,9.3,9.15,9.2,"1,019,000"
2024-12-04,9.18,9.19,8.8,8.99,"6,122,400"
2024-12-05,9.0,9.02,8.75,9.0,"2,934,800"
2024-12-06,9.0,9.0,8.76,8.76,"3,228,300"
2024-12-09,8.77,9.0,8.77,8.91,"1,637,100"
2024-12-10,8.92,8.92,8.4,8.5,"12,819,300"
2024-12-11,8.73,8.73,8.46,8.46,"2,711,800"
2024-12-12,8.46,8.67,8.4,8.4,"3,583,200"
2024-12-13,8.4,8.4,8.16,8.26,"4,043,600"
2024-12-16,8.26,8.35,7.95,8.0,"7,662,100"
2024-12-17,8.0,8.16,7.32,7.4,"32,981,301"
2024-12-18,7.41,7.57,7.07,7.2,"11,668,400"
2024-12-19,7.19,7.33,7.02,7.08,"6,264,800"
2024-12-20,7.12,7.76,7.12,7.76,"4,472,000"
2024-12-23,7.51,8.18,7.51,8.18,"4,924,600"
2024-12-26,8.21,8.35,8.0,8.21,"1,561,600"
2024-12-27,8.23,8.6,8.16,8.6,"3,275,900"
